/*
SQLyog Ultimate v12.09 (64 bit)
MySQL - 5.7.22-log : Database - nopaper
*********************************************************************
*/

/*!40101 SET NAMES utf8 */;

/*!40101 SET SQL_MODE=''*/;

/*!40014 SET @OLD_UNIQUE_CHECKS=@@UNIQUE_CHECKS, UNIQUE_CHECKS=0 */;
/*!40014 SET @OLD_FOREIGN_KEY_CHECKS=@@FOREIGN_KEY_CHECKS, FOREIGN_KEY_CHECKS=0 */;
/*!40101 SET @OLD_SQL_MODE=@@SQL_MODE, SQL_MODE='NO_AUTO_VALUE_ON_ZERO' */;
/*!40111 SET @OLD_SQL_NOTES=@@SQL_NOTES, SQL_NOTES=0 */;
USE `nopaper`;

/*Table structure for table `admins` */

DROP TABLE IF EXISTS `admins`;

CREATE TABLE `admins` (
  `id` varchar(15) NOT NULL,
  `name` varchar(15) NOT NULL,
  `pwd` varchar(15) NOT NULL,
  `group_id` tinyint(2) NOT NULL,
  PRIMARY KEY (`id`),
  KEY `group_id` (`group_id`),
  CONSTRAINT `admins_ibfk_1` FOREIGN KEY (`group_id`) REFERENCES `groups` (`group_id`)
) ENGINE=InnoDB DEFAULT CHARSET=utf8;

/*Data for the table `admins` */

insert  into `admins`(`id`,`name`,`pwd`,`group_id`) values ('2016','1','1',1);

/*Table structure for table `course` */

DROP TABLE IF EXISTS `course`;

CREATE TABLE `course` (
  `c_id` varchar(15) NOT NULL COMMENT '课程id',
  `c_name` varchar(30) NOT NULL COMMENT '课程名字',
  `chapter` int(5) DEFAULT NULL COMMENT '章节数',
  `tip` varchar(255) DEFAULT NULL COMMENT '备注',
  PRIMARY KEY (`c_id`)
) ENGINE=InnoDB DEFAULT CHARSET=utf8;

/*Data for the table `course` */

insert  into `course`(`c_id`,`c_name`,`chapter`,`tip`) values ('1','马克思主义基本原理',14,NULL);

/*Table structure for table `department` */

DROP TABLE IF EXISTS `department`;

CREATE TABLE `department` (
  `dept_num` varchar(30) NOT NULL COMMENT '专业代码',
  `dept_name` varchar(30) NOT NULL COMMENT '专业名称',
  `faculty` varchar(30) NOT NULL COMMENT '所属学院',
  `tip` varchar(255) DEFAULT NULL COMMENT '备注',
  PRIMARY KEY (`dept_num`),
  KEY `faculty` (`faculty`),
  CONSTRAINT `department_ibfk_1` FOREIGN KEY (`faculty`) REFERENCES `faculty` (`fac_num`)
) ENGINE=InnoDB DEFAULT CHARSET=utf8;

/*Data for the table `department` */

insert  into `department`(`dept_num`,`dept_name`,`faculty`,`tip`) values ('020101','经济学','11',NULL),('020301K','金融学','11',NULL),('020401','国际经济与贸易','11',NULL),('030301','社会学','12',NULL),('030302','社会工作','12',NULL),('030503','思想政治教育','12',NULL),('050101','汉语言文学','12',NULL),('050201','英语','17',NULL),('050202','俄语','14',NULL),('050262','商务英语','17',NULL),('070101','数学与应用数学','15',NULL),('070102','信息与计算科学','09',NULL),('070202','应用物理学','15',NULL),('070302','应用化学','02',NULL),('070503','人文地理与城乡规划','01',NULL),('071102','应用心理学','12',NULL),('071202','应用统计学','15',NULL),('080102','工程力学','15',NULL),('080202','机械设计制造及其自动化','06',NULL),('080203','材料成型及控制工程','07',NULL),('080204','机械电子工程','06',NULL),('080205','工业设计','06',NULL),('080209T','机械工艺技术','06',NULL),('080301','测控技术与仪器','04',NULL),('080405','金属材料工程','07',NULL),('080406','无机非金属材料','07',NULL),('080411T','焊接技术与工程','07',NULL),('080601','电气工程及其自动化','04',NULL),('080604T','电气工程与智能控制','04',NULL),('080701','电子信息工程','05',NULL),('080703','通信工程','05',NULL),('080714T','电子信息科学与技术','05',NULL),('080801','自动化','04',NULL),('080901','计算机科学与技术','09',NULL),('080902','软件工程','09',NULL),('080905','物联网工程','09',NULL),('081001','土木工程','08',NULL),('081006T','道路桥梁与渡河工程','08',NULL),('081201','测绘工程','01',NULL),('081301','化学工程与工艺','02',NULL),('081401','地质工程','03',NULL),('081403','资源勘查工程','01',NULL),('081501','采矿工程','01',NULL),('081503','矿物加工工程','01',NULL),('082502','环境工程','02',NULL),('082801','建筑学','08',NULL),('082802','城乡规划','08',NULL),('082803','风景园林','08',NULL),('082901','安全工程','03',NULL),('120102','信息管理与信息系统','10',NULL),('120103','工程管理','08',NULL),('120201K','工商管理','10',NULL),('120202','市场营销','10',NULL),('120203K','会计学','10',NULL),('120204','财务管理','10',NULL),('120401','公共事业管理','10',NULL),('120701','工业工程','06',NULL);

/*Table structure for table `exam` */

DROP TABLE IF EXISTS `exam`;

CREATE TABLE `exam` (
  `exam_id` varchar(50) NOT NULL COMMENT '考试号',
  `course` varchar(15) NOT NULL COMMENT '考试课程',
  `teacher` varchar(15) NOT NULL COMMENT '老师',
  `grade` varchar(255) NOT NULL COMMENT '考试班级',
  `dept` varchar(30) DEFAULT NULL COMMENT '考试专业',
  `finish_time` datetime NOT NULL COMMENT '考试结束时间',
  `begin_time` datetime NOT NULL COMMENT '开始时间',
  `duration` int(15) NOT NULL COMMENT '考试时长',
  `state` int(2) NOT NULL DEFAULT '1' COMMENT '状态 默认1表示考试开始',
  `tip` varchar(255) DEFAULT NULL COMMENT '备注',
  PRIMARY KEY (`exam_id`),
  KEY `teacher` (`teacher`),
  KEY `grade` (`grade`),
  KEY `dept` (`dept`),
  KEY `course` (`course`),
  CONSTRAINT `exam_ibfk_1` FOREIGN KEY (`teacher`) REFERENCES `teachers` (`t_num`),
  CONSTRAINT `exam_ibfk_3` FOREIGN KEY (`dept`) REFERENCES `department` (`dept_num`),
  CONSTRAINT `exam_ibfk_4` FOREIGN KEY (`course`) REFERENCES `course` (`c_id`)
) ENGINE=InnoDB DEFAULT CHARSET=utf8;

/*Data for the table `exam` */

/*Table structure for table `faculty` */

DROP TABLE IF EXISTS `faculty`;

CREATE TABLE `faculty` (
  `fac_num` varchar(30) NOT NULL COMMENT '学院代码',
  `fac_name` varchar(30) NOT NULL COMMENT '学院名称',
  `tip` varchar(255) DEFAULT NULL COMMENT '备注',
  PRIMARY KEY (`fac_num`)
) ENGINE=InnoDB DEFAULT CHARSET=utf8;

/*Data for the table `faculty` */

insert  into `faculty`(`fac_num`,`fac_name`,`tip`) values ('01','矿业工程学院',NULL),('02','环境与化工学院',NULL),('03','安全工程学院',NULL),('04','电气与控制工程学院',NULL),('05','电子与信息工程学院',NULL),('06','机械工程学院',NULL),('07','材料科学与工程学院',NULL),('08','建筑工程学院',NULL),('09','计算机与信息工程学院（软件学院）',NULL),('10','管理学院',NULL),('11','经济学院',NULL),('12','人文社会科学学院',NULL),('13','马克思主义学院',NULL),('14','国际教育学院',NULL),('15','理学院',NULL),('16','研究生学院（学科建设办公室）',NULL),('17','外国语学院',NULL),('18','体育部',NULL),('19','工程训练与基础实验中心（职业技能培训中心）',NULL),('20','继续教育学院（高等职业技术学院、鸡西校区）',NULL),('21','嵩山校区（嵩山校区管委会）',NULL),('61','学术理论研究部',NULL),('62','教学质量评估中心',NULL),('65','创新创业中心（创新创业学院、园区办、科大科技开发有限公司）',NULL),('80','图书馆',NULL),('81','信息网络中心（现代教育技术中心）',NULL),('83','哈尔滨煤矿机械研究所',NULL);

/*Table structure for table `grade` */

DROP TABLE IF EXISTS `grade`;

CREATE TABLE `grade` (
  `g_id` varchar(15) NOT NULL COMMENT '年级id',
  `dept` varchar(30) NOT NULL,
  `g_year` int(4) NOT NULL,
  `g_class` int(3) NOT NULL,
  `tip` varchar(255) DEFAULT NULL COMMENT '备注',
  PRIMARY KEY (`g_id`),
  KEY `dept` (`dept`),
  CONSTRAINT `grade_ibfk_1` FOREIGN KEY (`dept`) REFERENCES `department` (`dept_num`)
) ENGINE=InnoDB DEFAULT CHARSET=utf8;

/*Data for the table `grade` */

insert  into `grade`(`g_id`,`dept`,`g_year`,`g_class`,`tip`) values ('1','020101',2016,1,NULL),('2','020101',2016,2,NULL),('3','020301K',2016,1,NULL),('4','020301K',2016,2,NULL);

/*Table structure for table `groups` */

DROP TABLE IF EXISTS `groups`;

CREATE TABLE `groups` (
  `group_id` tinyint(2) NOT NULL,
  `group_type` varchar(15) NOT NULL,
  `tip` varchar(255) DEFAULT NULL COMMENT '备注',
  PRIMARY KEY (`group_id`)
) ENGINE=InnoDB DEFAULT CHARSET=utf8;

/*Data for the table `groups` */

insert  into `groups`(`group_id`,`group_type`,`tip`) values (1,'管理员',NULL),(2,'教师',NULL);

/*Table structure for table `item_type` */

DROP TABLE IF EXISTS `item_type`;

CREATE TABLE `item_type` (
  `type_id` char(2) NOT NULL COMMENT '题型编号',
  `type_name` varchar(15) NOT NULL COMMENT '题型名称',
  `type_score` int(4) DEFAULT NULL COMMENT '题型分值',
  `tip` varchar(255) DEFAULT NULL COMMENT '备注',
  PRIMARY KEY (`type_id`)
) ENGINE=InnoDB DEFAULT CHARSET=utf8;

/*Data for the table `item_type` */

insert  into `item_type`(`type_id`,`type_name`,`type_score`,`tip`) values ('A','单选题',15,NULL),('B','多选题',15,NULL),('C','判断题',15,NULL);

/*Table structure for table `items` */

DROP TABLE IF EXISTS `items`;

CREATE TABLE `items` (
  `item_id` int(15) NOT NULL AUTO_INCREMENT COMMENT '题目id',
  `item_title` varchar(250) DEFAULT NULL COMMENT '题目标题',
  `item_desc` varchar(250) NOT NULL COMMENT '题目描述',
  `item_valid` varchar(250) NOT NULL COMMENT '题目正确答案',
  `item_choice` varchar(20000) DEFAULT NULL COMMENT '题目错误答案',
  `item_type` char(2) NOT NULL COMMENT '题目类型',
  `course` varchar(15) NOT NULL COMMENT '附属课程',
  `tip` varchar(255) DEFAULT NULL COMMENT '备注',
  PRIMARY KEY (`item_id`),
  KEY `item_type` (`item_type`),
  KEY `course` (`course`),
  CONSTRAINT `items_ibfk_2` FOREIGN KEY (`item_type`) REFERENCES `item_type` (`type_id`),
  CONSTRAINT `items_ibfk_3` FOREIGN KEY (`course`) REFERENCES `course` (`c_id`)
) ENGINE=InnoDB AUTO_INCREMENT=806 DEFAULT CHARSET=utf8;

/*Data for the table `items` */

insert  into `items`(`item_id`,`item_title`,`item_desc`,`item_valid`,`item_choice`,`item_type`,`course`,`tip`) values (1,NULL,'在中国革命、建设、改革的历史进程中，马克思主义中国化实现了 ()历史性飞跃。','A','A.两次|@|B.三次|@|C.四次|@|D.五次','A','1','第一章'),(2,NULL,'()开辟了世界无产阶级社会主义革命的新时代。','C','A. 五四运动的爆发|@|B.新文化运动的兴起|@|C.俄国十月革命的胜利|@|D.马克思主义的传播','A','1','第一章'),(3,NULL,'毛泽东思想形成和发展时期，时代的主题是()。','A','A. 战争与革命|@|B.和平与发展|@|C.竞争与垄断|@|D.多极化与全球化','A','1','第一章'),(4,NULL,'()给中国送来了马克思列宁主义，帮助中国的先进分子开始用无产阶级的世界观作为观察国家命运的工具，中国革命从此有了科学的指导思想。','C','A. 辛亥革命|@|B.五四运动|@|C.俄国十月革命|@|D.新文化运动','A','1','第一章'),(5,NULL,'从世界范围来看，中国的新民主主义革命发生在()。','B','A.资产阶级民主革命时代|@|B.无产阶级社会主义革命时代|@|C.资本主义向社会主义过渡时期|@|D.农民革命时期','A','1','第一章'),(6,NULL,'毛泽东思想形成的实践基础是()。','D','A.鸦片战争后中国人民的反帝斗争|@|B.中国人民的民主主义革命实践|@|C.新民主主义革命实践|@|D.中国共产党领导的革命和建设的成功实践','A','1','第一章'),(7,NULL,'中国共产党领导人民进行革命和建设的成功实践是毛泽东思想形成和发展的（）。','D','A. 理论基础|@|B.思想基础|@|C.时代条件|@|D.实践基础','A','1','第一章'),(8,NULL,'毛泽东思想得到多方面展开并趋于成熟是在（）。','D','A.国民革命时期|@|B.土地革命战争时期|@|C.解放战争时期|@|D.土地革命战争后期和抗日战争时期','A','1','第一章'),(9,NULL,'中国共产党确立毛泽东思想为党的指导思想的会议是（）。','D','A. 遵义会议|@|B.瓦窑堡会议|@|C.中共六届六中全会|@|D.中共七大','A','1','第一章'),(10,NULL,'毛泽东思想达到成熟的主要标志是（）。','D','A.农村包围城市、武装夺取政权革命道路理论的形成|@|B.人民战争思想的形成|@|C.人民军队建设理论的形成|@|D.新民主主义革命理论的系统阐述','A','1','第一章'),(11,NULL,'（）明确提岀把马克思列宁主义的基本原理同中国革命和建设的具体实际进行“第二次结合”，找出在中国怎样建设社会主义的道路的任务，并为开辟适合中国国情的社会主义建设道路进行了艰辛探索。','B','A. 李大钊|@|B. 毛泽东|@|C. 邓小平|@|D. 江泽民','A','1','第一章'),(12,NULL,'毛泽东思想紧紧围绕（）的主题，提出了一系列相互关联的重要的理论观点，构成了一个完整的科学思想体系。','A','A. 中国革命和建设|@|B.中国改革和发展|@|C.中国独立和自由|@|D.中国独立和解放','A','1','第一章'),(13,NULL,'为求最大限度地孤立最主要的敌人，无产阶级领导的统一战线要争取（）参加，并且在面对外敌侵略的特殊条件下可以把一部分大地主大资产阶级也包括在内。','B','A. 农民|@|B.民族资产阶级|@|C.城市小资产阶级|@|D.知识分子','A','1','第一章'),(14,NULL,'毛泽东提出不要机械搬用外国的经验，而要从中国是一个（）这种情况出发，走出一条适合我国国情的中国工业化道路。','A','A. 农业大国|@|B.社会主义国家|@|C.发展中国家|@|D.发展不平衡国家','A','1','第一章'),(15,NULL,'毛泽东提出经济工作和其他一切工作的生命线是（）。','D','A.群众工作|@|B.统一战线工作|@|C.武装斗争|@|D.思想政治工作','A','1','第一章'),(16,NULL,'毛泽东特别注重从（）建党。','B','A. 政治上|@|B.思想上|@|C.组织上|@|D.作风上','A','1','第一章'),(17,NULL,'毛泽东创造了全党通过（）进行马克思列宁主义思想教育的整风形式。','A','A. 批评与自我批评|@|B.理论联系实际|@|C.“惩前毖后、治病救人”|@|D.忆苦思甜','A','1','第一章'),(18,NULL,'中华人民共和国成立前后，鉴于我们党已成为领导全国政权的党，毛泽东多次提出务必使同志们继续地保持谦虚、谨慎、不骄、不躁的作风，务必使同志们继续地保持（）的作风。','B','A. 勤俭节约|@|B.艰苦奋斗|@|C.敢于拼搏|@|D.勇往直前','A','1','第一章'),(19,NULL,'党的思想路线的实质和核心是（）。','B','A. 解放思想|@|B.实事求是|@|C.与时俱进|@|D.求真务实','A','1','第一章'),(20,NULL,'与坚持群众路线不符合的相关说法是（）。','D','A.坚持群众路线，就要坚持人民是推动历史发展的根本力量|@|B.坚持群众路线，就要坚持全心全意为人民服务的根本宗旨|@|C.坚持群众路线，就要保持党同人民群众的血肉联系|@|D.坚持群众路线，就要兼顾人民群众的利益和政党自己的特殊利益','A','1','第一章'),(21,NULL,'要把（）深深植根于全党同志思想中，真正落实到每个党员行动上。','B','A. 群众观点、群众思想|@|B.群众观点、群众路线|@|C.群众路线、群众工作|@|D.群众觉悟、群众实践','A','1','第一章'),(22,NULL,'马克思主义中国化第一次历史性飞跃的理论成果是()。','C','A. 三民主义|@|B.新三民主义|@|C.毛泽东思想|@|D.邓小平理论','A','1','第一章'),(23,NULL,'()是毛泽东把辩证唯物主义和历史唯物主义运用到中国革命和建设实践中所形成的具有中国共产党人鲜明特色的立场、观点、方法。','D','A.实事求是、统一战线、独立自主|@|B.群众路线、统一战线、独立自主|@|C.群众观点、统一战线、改革开放|@|D.实事求是、群众路线、独立自主','A','1','第一章'),(24,NULL,'毛泽东思想所体现的独特理论风格为新时期党的理论创新,进一步推进马克思主义()以重要的启迪。','B','A. 民族化|@|B. 大众化|@|C. 通俗化|@|D. 特色化','A','1','第一章'),(25,NULL,'毛泽东思想所确立的马克思主义中国化的()，指导着我们党不断推进马克思主义中国化，不断开辟马克思主义中国化新境界。','A','A.奋斗方向、基本原则和基本方法|@|B.奋斗目标、基本路线和基本纲领|@|C.前进动力、基本立场和基本原则|@|D.前进方向、基本观点和基本原则','A','1','第一章'),(26,NULL,'在毛泽东思想指引下，我们找到了一条（）的道路，确立了社会主义基本制度，实现了中国历史上最深刻最伟大的社会变革。','C','A.从旧民主主义向新民主主义过渡|@|B.从旧民主主义向社会主义过渡|@|C.从新民主主义向社会主义过渡|@|D.从资本主义向社会主义过渡','A','1','第一章'),(27,NULL,'毛泽东领导我们建立起独立的比较完整的工业体系和国民经济体系，为社会主义现代化建设奠定了重要的（），为在中国这样落后的东方大国进行社会主义建设积累了重要经验。','D','A. 思想政治基础|@|B.经济文化基础|@|C.工业化、现代化的基础|@|D.物质技术基础','A','1','第一章'),(28,NULL,'对毛泽东和毛泽东思想的历史地位做出科学评价的文献是（）。','C','A.《党的若干历史问题的决议》|@|B.《论联合政府》|@|C.《关于建国以来党的若干历史问题的决议》|@|D.《新民主主义论》','A','1','第一章'),(29,NULL,'认清中国（），是解决中国革命问题的基本前提。','C','A.阶级构成|@|B.根本任务|@|C.国情|@|D.发展动力','A','1','第二章'),(30,NULL,'由于（）的双重压迫，中国人民尤其是广大农民日益贫困以致大批破产，过着饥寒交迫和毫无政治权利的生活。','B','A.资本主义和封建主义|@|B.帝国主义和封建主义|@|C.帝国主义和官僚资本主义|@|D.官僚资本主义和封建主义','A','1','第二章'),(31,NULL,'半殖民地半封建中国社会的矛盾是错综复杂的，其中最主要的矛盾是（）。','C','A.封建主义与人民大众的矛盾|@|B.农民阶级与地主阶级的矛盾|@|C.帝国主义与中华民族的矛盾|@|D.无产阶级与资产阶级的矛盾','A','1','第二章'),(32,NULL,'近代中国的社会性质和主要矛盾，决定了中国革命仍然是（）。','C','A.农民阶级革命|@|B.小资产阶级革命|@|C.资产阶级民主革命|@|D.无产阶级社会主义革命','A','1','第二章'),(33,NULL,'以俄国十月革命的胜利为标志，中国资产阶级民主革命的()发生了根本转换。','D','A.理论基础|@|B.实践条件|@|C.群众基础|@|D.时代背景','A','1','第二章'),(34,NULL,'()使中国的资产阶级民主主义革命，从原来属于旧的世界资产阶级民主革命的一部分，转变为属于世界无产阶级社会主义革命的一部分。','B','A.辛亥革命|@|B.十月革命|@|C.五四运动|@|D.暴力革命','A','1','第二章'),(35,NULL,'以()为开端，近代中国革命进入新民主主义革命的崭新阶段。','A','A.五四运动|@|B.新文化运动|@|C.十月革命|@|D.中共成立','A','1','第二章'),(36,NULL,'近代中国革命进入崭新的阶段后，(),都从根本上有别于旧式的资产阶级民主革命。','B','A.革命的参与者和革命的武装|@|B.革命的领导阶级和指导理论|@|C.革命的对象和指导理论|@|D.革命的动力和革命的方式','A','1','第二章'),(37,NULL,'新民主主义革命和一般意义上的社会主义革命不同，它不破坏参加反帝反封建的（）成分。','B','A.封建主义|@|B.资本主义|@|C.社会主义|@|D.民族主义','A','1','第二章'),(38,NULL,'中国革命要分两步走，第一步是完成新民主主义革命任务，第二步是完成（）任务，这是性质不同但又相互联系的两个革命过程。','D','A.新式的资产阶级民主革命|@|B.新资本主义革命|@|C.资本主义革命|@|D.社会主义革命','A','1','第二章'),(39,NULL,'事实证明，不触动封建根基的自强运动和改良主义，旧式的农民战争，资产阶级革命派领导的（），以及照搬西方资本主义的其他种种方案，都不能完成反帝反封建的革命任务，都不能为中国找到真正的出路。','A','A.民主革命|@|B.新民主革命|@|C.政治革命|@|D.文化革命','A','1','第二章'),(40,NULL,'经历了大革命的失败及井冈山的革命斗争后，以毛泽东为主要代表的中国共产党人总结革命的经验教训，提出“须知政权是由枪杆子中取得的”著名论断和（）思想，探索出了农村包围城市、武装夺取政权的革命道路，领导革命不断向前发展。','C','A.“统一战线”|@|B.“武装斗争”|@|C.“工农武装割据”|@|D.“根据地建设”','A','1','第二章'),(41,NULL,'到（），党历经长期的革命斗争考验，积累了丰富的革命实践经验，对中国革命的认识趋于成熟。','C','A.大革命时期|@|B.国内革命战争时期|@|C.抗日战争时期|@|D.解放战争时期','A','1','第二章'),(42,NULL,'毛泽东在（）中完整地表述了新民主主义革命总路线的内容。','A','A.《在晋绥干部会议上的讲话》|@|B.《中国的红色政权为什么能够存在？》|@|C.《论联合政府》|@|D.《中国革命和中国共产党》','A','1','第二章'),(43,NULL,'新民主主义革命的领导者是（）。','A','A.无产阶级|@|B.农民阶级|@|C.小资产阶级|@|D.民族资产阶级','A','1','第二章'),(44,NULL,'近代中国革命的首要对象是（）。','A','A.帝国主义|@|B.地主阶级|@|C.官僚资产阶级|@|D.农民阶级','A','1','第二章'),(45,NULL,'（）是帝国主义统治中国和封建军阀实行专制统治的社会基础。','C','A.农民阶级|@|B.工人阶级|@|C.封建地主阶级|@|D.官僚资产阶级','A','1','第二章'),(46,NULL,'在国共合作的大革命时期，革命的主要对象是（）。','B','A.帝国主义|@|B.北洋军阀|@|C.封建政权|@|D.黑恶势力','A','1','第二章'),(47,NULL,'中国革命最基本的动力是（）。','B','A.无产阶级|@|B.农民阶级|@|C.城市小资产阶级|@|D.民族资产阶级','A','1','第二章'),(48,NULL,'中国革命的基本问题是（）','B','A.工人问题|@|B.农民问题|@|C.小资产阶级的问题|@|D.民族资产阶级的问题','A','1','第二章'),(49,NULL,'新民主主义革命实质上就是（）。','B','A.中国共产党领导下的工人革命|@|B.中国共产党领导下的农民革命|@|C.中国共产党领导下的资产阶级革命|@|D.中国共产党领导下的各阶级联合的革命','A','1','第二章'),(50,NULL,'中国共产党对民族资产阶级在经济上实行（）政策。','C','A.没收其资本|@|B.打压其企业|@|C.保护民族工商业|@|D.无条件满足其所有要求','A','1','第二章'),(51,NULL,'区别新旧两种不同范畴的民主主义革命的根本标志是（）。','B','A.中国共产党是否诞生|@|B.革命的领导权是掌握在无产阶级手中还是掌握在资产阶级手中|@|C.无产阶级是否登上历史舞台|@|D.革命的领导权是掌握在资产阶级手中还是掌握在封建地主阶级手中','A','1','第二章'),(52,NULL,'中国革命取得胜利的根本保证是（）。','A','A.无产阶级及其政党的领导|@|B.农民阶级的参加|@|C.小资产阶级的参加|@|D.民族资产阶级的参加','A','1','第二章'),(53,NULL,'毛泽东把（）比喻为文章的上篇和下篇，“两篇文章，上篇与下篇，只有上篇做好，下篇才能做好”。','B','A.旧民主主义革命和新民主主义革命|@|B.新民主主义革命和社会主义革命|@|C.社会主义革命和社会主义建设|@|D.社会主义建设和社会主义改革','A','1','第二章'),(54,NULL,'通过没收官僚资本建立起来的是（）。','A','A. 国营经济|@|B.集体经济|@|C.私营经济|@|D.私人经济','A','1','第二章'),(55,NULL,'新民主主义革命的道路是一条（）的革命道路。','A','A.农村包围城市、武装夺取政权|@|B.以城市为中心、武装夺取政权|@|C.农村包围城市、和平谈判获得政权|@|D.以城市为中心、和平谈判获得政权','A','1','第二章'),(56,NULL,'中国革命必须走农村包围城市、武装夺取政权的道路，是由（）决定的。','D','A.中国共产党的主张|@|B.毛泽东的主张|@|C.共产国际的要求|@|D.中国所处的时代特点和具体国情','A','1','第二章'),(57,NULL,'党领导的革命统一战线最基础的是（）。','B','A.工人和知识分子的联盟|@|B.工农联盟|@|C.无产阶级和小资产阶级的联盟|@|D.无产阶级和民族资产阶级的联盟','A','1','第二章'),(58,NULL,'人民军队的唯一宗旨是()','B','A.坚持党对军队的绝对领导|@|B.全心全意为人民服务|@|C.制定铁的纪律|@|D.人民军队的三大任务','A','1','第二章'),(59,NULL,'中国共产党要领导革命取得胜利，必须不断加强党的思想建设、组织建设和（）。','D','A. 党的基本路线建设|@|B.制度建设|@|C.反腐倡廉建|@|D.作风建设','A','1','第二章'),(60,NULL,'从中华人民共和国成立到社会主义改造基本完成，是（）。','D','A.1949年10月一1952年初|@|B.1949年10月一1953年初|@|C.1949年10月一1956年初|@|D.1949年10月一1956年底','A','1','第三章'),(61,NULL,'新民主主义社会中的合作社经济是（）。','B','A. 社会主义性质|@|B.半社会主义性质|@|C.个体性质|@|D.国家资本主义性质','A','1','第三章'),(62,NULL,'在新民主主义社会，有关民族资产阶级的说法正确的是（）。','A','A.同工人阶级既有合作又有对抗|@|B.同工人阶级直接对抗|@|C.同工人阶级完全合作|@|D.直接被工人阶级消灭','A','1','第三章'),(63,NULL,'提出使中国“稳步地由农业国变为工业国，由新民主主义国家转变为社会主义国家”同时并举的思想是在（）。','B','A. 中共七大|@|B.中共七届二中全会|@|C.中共七届三中全会|@|D.中共八大','A','1','第三章'),(64,NULL,'1951年前后，党内大体形成了（）的共识。','C','A.稳步地由农业国变为工业国，由新民主主义国家转变为社会主义国家|@|B.工作重心逐渐开始转向城市|@|C.先用三个五年计划的时间搞工业化建设，再向社会主义过渡|@|D.迅速完成向社会主义过渡','A','1','第三章'),(65,NULL,'新中国成立以后，国民经济在（）得到恢复。','C','A.1949年底|@|B.1950年|@|C.1952年|@|D.1953年','A','1','第三章'),(66,NULL,'（）,是国家独立和富强的必然要求和必要条件。','A','A.实现社会主义工业化|@|B.实现公有制|@|C.实现对农业手工业的社会主义改造|@|D.实现对资本主义工商业的社会主义改造','A','1','第三章'),(67,NULL,'党在过渡时期总路线的主要内容被概括为“一化三改”。“一化”即()。','A','A. 社会主义工业化|@|B.资本主义工业化|@|C.工业现代化|@|D.四个现代化','A','1','第三章'),(68,NULL,'马克思、恩格斯在论述（）的时候说将是“最便宜不过了”。','B','A. 购买工业产品|@|B.以赎买的办法变革所有制|@|C.赎买一个人的自由|@|D.直接消灭资产阶级','A','1','第三章'),(69,NULL,'被喻为一个历史性难题的是（）。','A','A.如何将几亿农民的个体所有制改造成集体所有制|@|B.如何将资产阶级私有制改造成公有制|@|C.如何让工人阶级成为领导阶级|@|D.如何将知识分子变成建设社会主义的一部分','A','1','第三章'),(70,NULL,'在对农业的社会主义改造中，互助组具有（）性质。','B','A. 农民个人所有制|@|B.社会主义萌芽|@|C.半社会主义|@|D.社会主义','A','1','第三章'),(71,NULL,'在对农业的社会主义改造中，初级农业生产合作社具有（）性质。','C','A. 农民个人所有制|@|B.社会主义萌芽|@|C.半社会主义|@|D.社会主义','A','1','第三章'),(72,NULL,'对手工业的社会主义改造，党和政府采取了（）的方针。','B','A. 自愿互利|@|B.积极领导、稳步前进|@|C.典型示范|@|D.国家帮助','A','1','第三章'),(73,NULL,'在对手工业的社会主义改造中，建立了手工业生产合作社。手工业者的生产资料（）。','C','A.归个人所有|@|B.一部分归个人、一部分归集体所有|@|C.归集体所有|@|D.归国家所有','A','1','第三章'),(74,NULL,'手工业的社会主义改造基本完成是在（）。','D','A.1949年10月|@|B.1956年初|@|C.1956年9月|@|D.1956年底','A','1','第三章'),(75,NULL,'中国共产党根据马克思、恩格斯和列宁关于采用和平方式变革所有制的设想，结合中国的具体情况，提出了对资本主义工商业实行（）方针。','C','A. 革命|@|B.没收|@|C.和平赎买|@|D.保护','A','1','第三章'),(76,NULL,'人民代表大会制度这一根本政治制度、中国共产党领导的多党合作和政治协商制度、民族区域自治制度这些基本政治制度的确立，表明我国由一个（）的国家转变为社会主义国家。','D','A. 封建主义|@|B.专制主义|@|C.资本主义|@|D.新民主主义','A','1','第三章'),(77,NULL,'()是中国历史上最深刻最伟大的社会变革，为当代中国一切发展进步奠定了制度基础。','D','A.辛亥革命|@|B.新中国的成立|@|C.第一部《中华人民共和国宪法》颁布|@|D.社会主义基本制度的确立','A','1','第三章'),(78,NULL,'（）是以毛泽东为主要代表的中国共产党人对一个脱胎于半殖民地半封建的东方大国如何进行社会主义革命问题的系统回答和正确解决，是马克思列宁主义关于社会主义革命理论在中国的正确运用和创造性发展的结杲。','B','A. 新中国的成立|@|B.社会主义基本制度的确立|@|C.解放战争|@|D.“三反”“五反”','A','1','第三章'),(79,NULL,'新中国成立初期，我国主要是学习()经验，这在当时是必要的，也取得了一定的成效。','A','A.苏联|@|B.美国|@|C.法国|@|D.英国','A','1','第四章'),(80,NULL,'实践表明，照抄照搬苏联经验不符合中国国情，仍需要实现马克思主义与中国实际的“第()次结合”，积极探索适合中国特点的社会主义建设道路。','B','A. 一|@|B. 二|@|C. 三|@|D. 四','A','1','第四章'),(81,NULL,'毛泽东认为，要大兴（）之风，总结正反两方面经验教训，找出社会主义建设的客观规律，制定适合中国情况的方针和政策。','A','A. 调査研究|@|B. 建设|@|C. 整顿|@|D. 改造','A','1','第四章'),(82,NULL,'（）以后，国内的社会矛盾和阶级关系发生重大变化，无产阶级同资产阶级之间的矛盾已经基本解决。','B','A.新中国成立|@|B.社会主义改造的任务完成|@|C.朝鲜战争|@|D.“三反”“五反”','A','1','第四章'),(83,NULL,'（）后，东欧一些社会主义国家弥漫着动荡不安的气氛，相继发生了波兰和匈牙利事件，帝国主义乘机掀起反苏反共反社会主义的浪潮。','A','A. 苏共二十大|@|B.新中国成立后|@|C.二战|@|D.朝鲜战争','A','1','第四章'),(84,NULL,'党的八大正确分析了社会主义改造完成后我国（）的变化，指出：社会主义制度在我国已经基本上建立起来了。','A','A. 社会主要矛盾|@|B.阶级关系|@|C.社会生活|@|D.经济基础','A','1','第四章'),(85,NULL,'毛泽东指出，用（）的方法解决人民内部矛盾，这是一个总方针。','D','A.中立|@|B.专制|@|C.集中|@|D.民主','A','1','第四章'),(86,NULL,'毛泽东提岀了以（）为基础，以工业为主导，以农轻重为序发展国民经济的总方针，以及一整套“两条腿走路”的工业化发展思路。','A','A. 农业|@|B. 重工业|@|C. 轻工业|@|D. 商业','A','1','第四章'),(87,NULL,'党领导人民探索社会主义建设道路，历经艰辛和曲折，在理论和实践上取得了一系列重要成果。这些成果的意义不包括（）。','B','A.巩固和发展了我国的社会主义制度|@|B.对世界社会主义的发展没有促进意义|@|C.为开创中国特色社会主义提供了宝贵经验、理论准备和物质基础|@|D.丰富了科学社会主义的理论和实践','A','1','第四章'),(88,NULL,'社会主义制度建立以后，（）是我们党必须认真研究和解决的一个重大课题。','A','A.如何巩固和发展社会主义制度|@|B.如何深化阶级斗争|@|C.如何继续进行革命|@|D.如何开展整风运动','A','1','第四章'),(89,NULL,'党对社会主义建设道路的探索中形成了一些正确的和比较正确的思想观点，尤其是关于社会主义建设的正确的理论原则和经验总结。以下对其意义表述不正确的是（）。','D','A.丰富和发展了毛泽东思想|@|B.对我国社会主义建设发挥了重要指导作用|@|C.为开启新时期新道路奠定了重要的思想基础|@|D.背离了实事求是的思想路线','A','1','第四章'),(90,NULL,'在党对社会主义建设道路的探索过程中，我国经济保持了（）的发展速度，经济实力显著增强。','C','A.较慢|@|B.飞速|@|C.较快|@|D.均衡','A','1','第四章'),(91,NULL,'党领导人民探索社会主义建设道路汲取了（）的经验教训，根据自己的实践形成了许多独创性成果，深化了对社会主义的认识。','B','A. 朝鲜|@|B.苏联模式|@|C.匈牙利|@|D.越南','A','1','第四章'),(92,NULL,'充分认识社会主义建设的（）,才能逐步掌握社会主义建设规律，开辟适合中国特点的社会主义建设道路。','C','A. 过渡性|@|B.艰巨性|@|C.长期性和复杂性|@|D.必须性','A','1','第四章'),(93,NULL,'社会主义建设开始后，党对我国社会的主要矛盾有了较为正确的认识，据此提出我国的根本任务是（）','B','A.继续进行无产阶级革命|@|B.在新的生产关系下保护和发展生产力|@|C.解放生产力|@|D.阶级斗争','A','1','第四章'),(94,NULL,'在社会主义初级阶段，要科学把握我国社会主要矛盾，以（）为中心，不断提高人民物质文化生活水平，不断满足人们对美好生活的向往。','A','A. 经济建设|@|B.政治建设|@|C.文化建设|@|D.阶级斗争','A','1','第四章'),(95,NULL,'历史的经验教训告诉我们，（）搞建设是不行的，发展不起来。','B','A. 根据国家实际情况|@|B.关起门来|@|C.吸取人类优秀发展成果|@|D.改革开放','A','1','第四章'),(96,NULL,'改革开放前和改革开放后两个历史时期，本质都是（）','A','A.我们党领导人民进行社会主义建设的实践探索|@|B.新民主主义革命|@|C.无产阶级革命|@|D.阶级斗争扩大化','A','1','第四章'),(97,NULL,'邓小平理论是在（）成为时代主题的历史条件下，逐步形成和发展起来的。','A','A.和平与发展|@|B.无产阶级革命|@|C.阶级斗争|@|D.资产阶级革命','A','1','第五章'),(98,NULL,'()是全党全军全国各族人民公认的享有崇高威望的卓越领导人，是中国社会主义改革开放和现代化建设的总设计师。','A','A. 邓小平|@|B. 毛泽东|@|C. 刘少奇|@|D. 周恩来','A','1','第五章'),(99,NULL,'()年12月召开的党的十一届三中全会，重新确立了解放思想、实事求是的思想路线。','C','A.1976|@|B.1977|@|C.1978|@|D.1979','A','1','第五章'),(100,NULL,'党的十二大之后，()成为我们党的全部理论和实践的主题。','D','A. “无产阶级革命”|@|B.“文化大革命”|@|C.“社会主义”|@|D.“中国特色社会主义”','A','1','第五章'),(101,NULL,'1987年召开的党的十三大，第一次比较系统地论述了我国()理论。','B','A. 市场经济|@|B.社会主义初级阶段|@|C.计划经济|@|D.商品经济','A','1','第五章'),(102,NULL,'()年邓小平南方谈话针对人们思想中普遍存在的疑虑，重申了深化改革、加速发展的必要性和重要性。','C','A.1990|@|B.1991|@|C.1992|@|D.1993','A','1','第五章'),(103,NULL,'()年召开的党的十五大正式提出“邓小平理论”这一概念。','A','A.1997|@|B.1996|@|C.1995|@|D.1994','A','1','第五章'),(104,NULL,'建设中国特色社会主义的首要的基本的理论问题是()。','D','A.解放思想、实事求是|@|B.大力发展社会生产力|@|C.一切从社会主义初级阶段出发|@|D.什么是社会主义、怎样建设社会主义','A','1','第五章'),(105,NULL,'邓小平指出，“贫穷不是社会主义，社会主义要消灭贫穷”。这个判断（）。','D','A.指出了社会主义的根本任务|@|B.概括了社会主义建设的目标|@|C.明确了社会主义的发展方向|@|D.体现了社会主义的本质要求','A','1','第五章'),(106,NULL,'社会主义本质是（）。','D','A.社会主义公有制和按劳分配|@|B.人民当家作主，成为社会的主人|@|C.高度的社会主义精神文明和人的全面解放|@|D.解放生产力，发展生产力，消灭剥削，消除两极分化，最终达到共同富裕','A','1','第五章'),(107,NULL,'（）是邓小平理论的活的灵魂。','B','A.社会主义初级阶段理论|@|B.解放思想、实事求是的思想路线|@|C.改革开放理论|@|D.社会主义本质理论','A','1','第五章'),(108,NULL,'今天强调一切从实际出发，就是要从（）这个最大的实际出发。','C','A.中国特色社会主义|@|B.社会主义市场经济|@|C.中国处于并长期处于社会主义初级阶段|@|D.全面建设小康社会','A','1','第五章'),(109,NULL,'我们通常把党的思想路线简明概括为（）。','A','A. “实事求是”|@|B.“解放思想”|@|C.“与时俱进”|@|D.“求真务实”','A','1','第五章'),(110,NULL,'社会主义初级阶段，就是（）。','A','A.社会主义社会的不发达阶段|@|B.社会主义社会的起始阶段|@|C.走向社会主义的阶段|@|D.向社会主义社会过渡的阶段','A','1','第五章'),(111,NULL,'我国还处在社会主义初级阶段的论断表明，我国的社会性质是（）。','C','A. 旧民主主义社会|@|B.新民主主义社会|@|C.社会主义社会|@|D.共产主义社会的高级阶段','A','1','第五章'),(112,NULL,'从社会发展程度上看，我国社会主义社会处于（）。','B','A. 准备阶段|@|B.初级阶段|@|C.建成阶段|@|D.高级阶段','A','1','第五章'),(113,NULL,'坚持以经济建设为中心，从根本上说，这是由（）。','B','A.当前的国情决定的|@|B.社会主义初级阶段的主要矛盾决定的|@|C.当前的国际环境决定的|@|D.党的方针政策决定的','A','1','第五章'),(114,NULL,'基本路线规定的党在社会主义初级阶段的奋斗目标是（）。','A','A.把我国建设成为富强、民主、文明、和谐的社会主义现代化国家|@|B.消灭剥削，消除两极分化，最终达到共同富裕|@|C.把我国从落后的农业国转变为现代化的工业国家|@|D.在社会主义基础上实现中华民族的伟大复兴','A','1','第五章'),(115,NULL,'坚持党的基本路线一百年不动摇的关键是（）。','C','A.坚持改革开放不动摇|@|B.坚持四项基本原则不动摇|@|C.坚持以经济建设为中心不动摇|@|D.坚持两手抓、两手都要硬的方针不动摇','A','1','第五章'),(116,NULL,'四项基本原则为经济建设提供了（）。','A','A. 政治保证|@|B.组织保证|@|C.物质保证|@|D.发展动力','A','1','第五章'),(117,NULL,'建设中国特色社会主义的根本任务是（）。','A','A.解放和发展生产力|@|B.增强国家的综合国力|@|C.实现好、维护好、发展好最广大人民的根本利益|@|D.为共产主义奠定物质基础','A','1','第五章'),(118,NULL,'邓小平深刻地概括出（）是第一生产力。','A','A．科学技术|@|B.文化建设|@|C.积极建设|@|D.生态建设','A','1','第五章'),(119,NULL,'党的十一届三中全会作出了把工作重点转移到（）上来、实行改革开放的重大历史性决策。','A','A. 经济建设|@|B.政治建设|@|C.文化建设|@|D.社会建设','A','1','第五章'),(120,NULL,'社会主义社会发展的根本动力是（）。','C','A. 发展|@|B.改革|@|C.社会主义社会的基本矛盾|@|D.对外幵放','A','1','第五章'),(121,NULL,'邓小平强调，（）都搞好，才是中国特色社会主义。','A','A. 物质文明和精神文明|@|B.物质文明和政治文明|@|C.精神文明和生态文明|@|D.精神文明和政治文明','A','1','第五章'),(122,NULL,'邓小平提出“一国两制”的构想，起初是为了解决（）。','D','A. 香港问题|@|B.澳门问题|@|C.港澳问题|@|D.台湾问题','A','1','第五章'),(123,NULL,'（）是邓小平留给我们的最重要的遗产','D','A. 社会主义本质理论|@|B.社会主义初级阶段理论|@|C.改革开放理论|@|D.邓小平理论','A','1','第五章'),(124,NULL,'党的（）提出了大力加强党的建设，坚决惩治腐败的要求。','C','A.十三届三中全会|@|B.十四大|@|C.十三届四中全会|@|D.十四届三中全会','A','1','第六章'),(125,NULL,'江泽民在建党（）纪念大会上对“进一步加强中国共产党的建设”作了深刻论述。','B','A.65周年|@|B.70周年|@|C.75周年|@|D.80周年','A','1','第六章'),(126,NULL,'“三个代表”重要思想提出，（）的利益是最紧要和最具有决定性的因素。','D','A. 群众|@|B.执政党|@|C.多数人|@|D.最大多数人','A','1','第六章'),(127,NULL,'“三个代表”重要思想提出要保证（）的领导核心作用。','C','A. 人大|@|B. 政府|@|C. 党委|@|D. 政协','A','1','第六章'),(128,NULL,'“三个代表”重要思想科学揭示了执政党的建设规律，形成了崭新的（）学说。','D','A. 马克思主义国家|@|B.马克思主义历史|@|C.马克思主义社会|@|D.马克思主义建党','A','1','第六章'),(129,NULL,'“三个代表”重要思想提出必须以（）的精神推进党的建设，不断为党的肌体注入新活力。','B','A. 时代|@|B. 改革|@|C. 创新|@|D. 开放','A','1','第六章'),(130,NULL,'“三个代表”重要思想强调以人民群众的利益、要求和实践为最高价值标准和评价标准，体现了我们党的（）和我们国家的性质。','C','A. 性质|@|B. 价值|@|C. 宗旨|@|D. 特征','A','1','第六章'),(131,NULL,'“三个代表”重要思想紧密结合（）发展的新形势，形成了富有独创性的新的理论成果。','D','A. 社会|@|B. 世界|@|C. 国际|@|D. 时代','A','1','第六章'),(132,NULL,'在“三个代表”重要思想的指导下，中国共产党人坚持党的（）以来的路线不动摇，推进了中国特色社会主义事业。','B','A. 十二届六中全会|@|B.十一届三中全会|@|C.十三届一中全会|@|D.十二届四中全会','A','1','第六章'),(133,NULL,'“三个代表”重要思想从深层次揭示了（）不断完善和发展的途径。','A','A. 社会主义制度|@|B.人民民主专政|@|C.中国共产党的领导|@|D.马克思主义中国化','A','1','第六章'),(134,NULL,'科学发展观是在深入总结改革开放以来特别是党的（）大以来实践经验的基础上形成和发展的。','C','A. 十四|@|B. 十五|@|C. 十六|@|D. 十七','A','1','第七章'),(135,NULL,'改革开放以来，我们党积累了丰富经验，集中体现为十七大概括的“（）个结合”','D','A. 七|@|B. 八|@|C. 九|@|D. 十','A','1','第七章'),(136,NULL,'党的十六大以来，我们党领导人民，紧紧抓住和用好我国发展的重要战略机遇期，以加入（）为契机，深化改革开放，加快发展步伐。','A','A. 世界贸易组织|@|B.国际劳工组织|@|C.国际货币基金组织|@|D.世界知识产权组织','A','1','第七章'),(137,NULL,'2003年10月，党的十六届三中全会通过的《中共中央关于完善社会主义市场经济体制若干问题的决定》，是我们党的文件中第（）次提出科学发展观。','A','A. 一|@|B. 二|@|C. 三|@|D. 四','A','1','第七章'),(138,NULL,'2004年9月，党的（）通过的《中共中央关于加强党的执政能力建设的决定》，把树立和落实科学发展观作为提髙党的执政能力的重要内容。','D','A. 十一届三中全会|@|B.十二届四中全会|@|C.十七届一中全会|@|D.十六届四中全会','A','1','第七章'),(139,NULL,'党的十七大后，对我国经济社会发展冲击最猛烈、持续时间最长、影响最为深远的是（）次贷危机引发的国际金融危机。','C','A. 英国|@|B. 日本|@|C. 美国|@|D. 德国','A','1','第七章'),(140,NULL,'2005年10月，党的十六届五中全会通过的《中共中央关于制定国民经济和社会发展第十一个五年规划的建议》强调要坚定不移地以（）统领经济社会发展全局。','A','A. 科学发展观|@|B.“三个代表”重要思想|@|C.邓小平理论|@|D.马克思列宁主义','A','1','第七章'),(141,NULL,'胡锦涛指出，（）是解决中国一切问题的总钥匙。','C','A. 改革|@|B. 开放|@|C. 发展|@|D. 革命','A','1','第七章'),(142,NULL,'坚持科学发展，需要由主要依靠（）带动向依靠第一、第二、第三产业协同带动转变。','B','A. 第一产业|@|B.第二产业|@|C.第三产业|@|D.第四产业','A','1','第七章'),(143,NULL,'统筹城乡发展，就是增强（）发展活力，逐步缩小城乡差距，促进城乡共同繁荣，推动城乡发展一体化。','B','A. 城市|@|B. 农村|@|C. 乡村|@|D. 城镇','A','1','第七章'),(144,NULL,'统筹区域发展，就是要继续实施区域发展总体战略，充分发挥各地区比较优势，逐步形成（）部相互促进、优势互补、共同发展的新格局。','C','A. 东中|@|B. 中西|@|C. 东中西|@|D. 东西','A','1','第七章'),(145,NULL,'实现工业化、信息化、城镇化、（），是我国社会主义现代化建设的战略任务，也是加快形成新的经济发展方式、促进经济持续健康发展的重要动力。','D','A. 农业化|@|B.现代化|@|C.农村现代化|@|D.农业现代化','A','1','第七章'),(146,NULL,'（）是中国共产党和中国人民在社会主义民主形式方面的伟大创造，是对马克思主义民主理论的丰富和发展，充分体现了社会主义民主的真实性、广泛性、包容性。','B','A. 中国特色社会主义|@|B.社会主义协商民主|@|C.人民代表大会制|@|D.人民民主专政','A','1','第七章'),(147,NULL,'坚定不移地推进（）基本方略，是国家长治久安的重要保障。','B','A. 基层民主|@|B.依法治国|@|C.法治实践|@|D.以德治国','A','1','第七章'),(148,NULL,'科学发展观强调坚持以（）为中心。','C','A.政治建设|@|B.文化建设|@|C.经济建设|@|D.社会建设','A','1','第七章'),(149,NULL,'科学发展观把发展（）作为首要任务。','C','A. 生产关系|@|B. 劳动力|@|C. 生产力|@|D. 自然力','A','1','第七章'),(150,NULL,'（）是关于发展的本质、目的、内涵和要求的总体看法和根本观点，决定了经济社会发展的总体战略和基本模式。','C','A. 价值观|@|B. 历史观|@|C. 发展观|@|D. 人生观','A','1','第七章'),(151,NULL,'从党的（）到党的十八大，我们党深入贯彻落实科学发展观，制定一系列战略部署，实施一系列重大举措。','D','A. 十三大|@|B. 十四大|@|C. 十五大|@|D. 十六大','A','1','第七章'),(152,NULL,'科学发展观是对经济社会发展（）认识的深化，是马克思主义关于发展的世界观和方法论的集中体现。','B','A. 特殊规律|@|B.一般规律|@|C.时代规律|@|D.价值规律','A','1','第七章'),(153,NULL,'科学发展观是（）的重要组成部分。','A','A. 中国特色社会主义理论体系|@|B.马克思列宁主义|@|C.“三个代表”重要思想|@|D.邓小平理论','A','1','第七章'),(154,NULL,'科学发展观着眼于丰富发展内涵、创新发展观念、开拓发展思路、破解发展难题，提出了一系列新的思想观点，初步形成了（）的系统理论。','D','A.马克思主义关于社会主义市场经济|@|B.马克思主义关于社会主义初级阶段|@|C.马克思主义关于中国特色社会主义|@|D.马克思主义关于社会主义发展','A','1','第七章'),(155,NULL,'科学发展观在邓小平理论和“三个代表”重要思想的基础上，用一系列具有鲜明时代特点的新思想、新观点、新论断，实现了我们党在（）上的又一次与时俱进。','B','A. 工作原则|@|B.指导思想|@|C.行动指南|@|D.工作指针','A','1','第七章'),(156,NULL,'()年，党的八大提出了关于社会主要矛盾的正确认识。','D','A.1978|@|B.1979|@|C.1976|@|D.1956','A','1','第八章'),(157,NULL,'()年十一届三中全会决定把党和国家的工作重点转移到社会主义现代化建设上来。','A','A.1978|@|B.1979|@|C.1976|@|D.1956','A','1','第八章'),(158,NULL,'党的()明确指出，我国社会主要矛盾已经转化为人民日益增长的美好生活需要和不平衡不充分的发展之间的矛盾。','C','A. 十六大|@|B. 十二大|@|C. 十九大|@|D. 十八大','A','1','第八章'),(159,NULL,'关于新时代，下列论述错误的是（）。','C','A.中国特色社会主义进入了新时代，这是我国发展新的历史方位|@|B.作出这个重大政治判断是我国社会主要矛盾运动的必然结果|@|C.这个新时代，是改革开放新时代，而不是别的什么新时代|@|D.作出这个重大政治判断是党的十八大以来我国社会所取得的历史性成就和发生的历史性变革的必然结果','A','1','第八章'),(160,NULL,'我国国内生产总值自（）年开始稳居世界第二位。','D','A.2015|@|B.2012|@|C.2011|@|D.2010','A','1','第八章'),(161,NULL,'党的十九大明确指出，我国社会主要矛盾已经转化为人民日益增长的美好生活需要和不平衡不充分的发展之间的矛盾，这说明（）。','C','A.党的八大关于社会主要矛盾的结论是错误的|@|B.党的十一届六中全会关于社会主要矛盾的结论是错误的|@|C.“落后的社会生产”已经发生了新的阶段性变化|@|D.影响满足人们美好生活需要的因素只是发展的不平衡不充分问题','A','1','第八章'),(162,NULL,'改革开放以来，我国人民生活水平不断迈上了新台阶，已经达到了（）水平。','B','A. 中低收入国家|@|B.中等偏上收入国家|@|C.发达国家|@|D.后工业化国家','A','1','第八章'),(163,NULL,'我国社会主要矛盾的变化是关系（）的历史性变化，对党和国家工作提出了许多新要求。','A','A. 全局|@|B.局部|@|C.生死存亡|@|D.子孙后代','A','1','第八章'),(164,NULL,'习近平新时代中国特色社会主义思想的核心要义是（）。','A','A.坚持和发展中国特色社会主义|@|B.坚持和发展社会主义|@|C.什么是社会主义、怎样建设社会主义|@|D.振兴中华','A','1','第八章'),(165,NULL,'改革开放以来，我们党全部理论和实践的鲜明主题是（）。','A','A.坚持和发展中国特色社会主义|@|B.坚持和发展社会主义|@|C.什么是社会主义、怎样建设社会主义|@|D.振兴中华','A','1','第八章'),(166,NULL,'新时代中国特色社会主义思想是党和人民实践经验和集体智慧的结晶，其主要创立者是（）。','D','A. 毛泽东|@|B. 邓小平|@|C. 胡锦涛|@|D. 习近平','A','1','第八章'),(167,NULL,'习近平新时代中国特色社会主义思想内涵十分丰富，其中最重要、最核心的内容就是党的十九大报告概括的（）。','A','A. “八个明确”|@|B.“十四个坚持”|@|C.“四个全面”|@|D.“五位一体”','A','1','第八章'),(168,NULL,'习近平新时代中国特色社会主义思想回答了新时代怎样坚持和发展中国特色社会主义，党的十九大概括为（）。','B','A. “八个明确”|@|B.“十四个坚持”|@|C.“四个全面”|@|D.“五位一体”','A','1','第八章'),(169,NULL,'党的十九大通过的党章修正案，把（）确立为党的指导思想。','D','A.毛泽东思想|@|B.邓小平理论|@|C.科学发展观|@|D.习近平新时代中国特色社会主义思想','A','1','第八章'),(170,NULL,'马克思主义中国化的新飞跃是（）。','D','A.毛泽东思想|@|B.邓小平理论|@|C.科学发展观|@|D.习近平新时代中国特色社会主义思想','A','1','第八章'),(171,NULL,'（）是改革开放以来党的全部理论和实践的主题。','A','A. 中国特色社会主义|@|B.社会主义|@|C.共产主义|@|D.实现四化','A','1','第八章'),(172,NULL,'习近平新时代中国特色社会主义思想围绕新时代（）这个重大时代课题进行谋篇布局。','C','A.什么是社会主义、怎样发展社会主义|@|B.实现什么样的发展、怎样发展|@|C.坚持和发展什么样的中国特色社会主义，怎样坚持和发展中国特色社会主义|@|D.建设一个什么样的党、怎样建设党','A','1','第八章'),(173,NULL,'习近平新时代中国特色社会主义思想是马克思主义中国化最新成果，是（）的重要组成部分。','A','A.中国特色社会主义理论体系|@|B.毛泽东思想|@|C.邓小平理论|@|D.科学发展观','A','1','第八章'),(174,NULL,'坚持和发展中国特色社会主义的总任务，是（）。','A','A.实现社会主义现代化和中华民族伟大复兴，在全面建成小康社会的基础上，分两步走在本世纪中叶建成富强民主文明和谐美丽的社会主义现代化强国|@|B.“三步走”战略|@|C.超英赶美|@|D.统一中国','A','1','第九章'),(175,NULL,'“雄关漫道真如铁”诠释的是（）。','A','A. 中华民族的昨天|@|B.中华民族的今天|@|C.中华民族的明天|@|D.中华民族的历史进程','A','1','第九章'),(176,NULL,'“人间正道是沧桑”诠释的是（）。','B','A. 中华民族的昨天|@|B.中华民族的今天|@|C.中华民族的明天|@|D.中华民族的历史进程','A','1','第九章'),(177,NULL,'“长风破浪会有时”诠释的是（）。','C','A. 中华民族的昨天|@|B.中华民族的今天|@|C.中华民族的明天|@|D.中华民族的历史进程','A','1','第九章'),(178,NULL,'（）是中国梦的主体，是中国梦的创造者和享有者。','C','A. 大陆人|@|B. 国家|@|C. 人民|@|D. 精英','A','1','第九章'),(179,NULL,'实现中国梦必须弘扬中国精神，这就是（）。','C','A.以改革创新为核心的民族精神和以爱国主义为核心的时代精神|@|B.顽强拼搏|@|C.以爱国主义为核心的民族精神和以改革创新为核心的时代精神|@|D.自强不息','A','1','第九章'),(180,NULL,'实现中国梦必须凝聚中国力量，这就是（）。','D','A.高级知识分子的力量|@|B.中国大陆人的力量|@|C.海外精英的力量|@|D.全国各族人民大团结的力量','A','1','第九章'),(181,NULL,'改革开放以后，我国社会主义现代化建设“三步走”的发展战略，主要是由（）提出来的。','A','A. 邓小平|@|B. 胡耀邦|@|C. 江泽民|@|D. 胡锦涛','A','1','第九章'),(182,NULL,'我国社会主义现代化建设的战略安排大体分“三步走”，第二步是（）。','B','A.1990年实现国民生产总值比1980年翻一番，解决人民的温饱问题|@|B.到20世纪末，实现国民生产总值比1980年翻两番，人民生活达到小康水平|@|C.到21世纪中叶，人均国民生产总值达到中等发达国家水平，人民生活比较富裕|@|D.到21世纪中叶，人均国民生产总值接近发达国家水平，人民生活十分富裕','A','1','第九章'),(183,NULL,'2000年我国国内生产总值是1980年的6倍以上，超过原定20年翻两番的目标；商品供应普遍短缺的状况根本改观；经济结构实现重大调整；基础设施薄弱的状况得到明显改善，人民生活实现了历史性跨越。这段材料表明（）。','C','A.我国经济社会发展的战略目标已经基本实现|@|B.“三步走”战略的第一步已基本实现|@|C.“三步走”战略的第二步已基本实现|@|D.“三步走”战略已基本实现','A','1','第九章'),(184,NULL,'我们党正式宣布人民生活总体达到小康水平，是在（）。','B','A.1997年党的十五大|@|B.2002年党的十六大|@|C.2006年党的十六届六中全会|@|D.2007年党的十七大','A','1','第九章'),(185,NULL,'党的（）提出了全面建设小康社会的奋斗目标。','D','A. 十九大|@|B. 十八大|@|C. 十七大|@|D. 十六大','A','1','第九章'),(186,NULL,'党的十八大报告中阐述了“两个一百年”奋斗目标，“第一个一百年”奋斗目标是（）。','A','A. 全面建成小康社会|@|B.基本实现现代化|@|C.建成社会主义现代化国家|@|D.建设社会主义现代化强国','A','1','第九章'),(187,NULL,'我国要在（），开启全面建设社会主义现代化强国的新征程。','B','A. 改革开放之后|@|B.全面建成小康社会之后|@|C.基本实现现代化之后|@|D.达到中等发达国家之后','A','1','第九章'),(188,NULL,'“两个一百年”的奋斗目标，“第二个一百年”是到（）100年时基本实现现代化，建成社会主义现代化国家。','B','A. 毛泽东涎辰|@|B.新中国成立|@|C.建党|@|D.改革开放','A','1','第九章'),(189,NULL,'关于我国从2020年到2035年的阶段发展战略目标中，涉及文化建设方面的是（）。','B','A.依法治国得到全面落实|@|B.公共文化服务体系、现代文化产业体系和市场体系基本建成|@|C.中等收入群体比例明显提高|@|D.我国进入高收入国家行列','A','1','第九章'),(190,NULL,'坚定（）,是一个国家、一个民族发展中更基本、更深沉、更持久的力量。','A','A. 文化自信|@|B.文化自觉|@|C.文化自强|@|D.文化凝聚力','A','1','第九章'),(191,NULL,'我国人民民主更加充分发展，主要体现为民主选举、民主协商、民主决策、民主管理和（）得到有效落实。','A','A. 民主监督|@|B.绝对民主|@|C.社会民主|@|D.民主扩大化','A','1','第九章'),(192,NULL,'党的十九大报告提出，我国在2020—2035年，国土开发格局方面的目标要求是（）。','C','A.清洁低碳、安全高效|@|B.绿色、低碳循环发展|@|C.生产空间安全高效、生活空间舒适宜居、生态空间山青水碧|@|D.高质量、更充分','A','1','第九章'),(193,NULL,'实现社会主义现代化强国“两步走”战略的具体安排中，在生态文明建设方面要求到2035年，生态环境根本好转，（）目标基本实现。','A','A. 美丽中国|@|B.健康中国|@|C.平安中国|@|D.法治中国','A','1','第九章'),(194,NULL,'“让老百姓呼吸上新鲜的空气，喝上干净的水，吃上放心的食物，生活在宜居的环境中，让中华大地天更蓝、山更绿、水更清，环境更优美”，这主要是讲求（）发展理念。','C','A. 创新|@|B. 协调|@|C. 绿色|@|D. 开放','A','1','第九章'),(195,NULL,'党的十八届五中全会坚持以（）为中心的发展思想，鲜明提出了创新、协调、绿色、开放、共享的新发展理念。','B','A. 经济建设|@|B.人民|@|C.制度建设|@|D.科技创新','A','1','第十章'),(196,NULL,'新时代新发展理念中，引领发展的第一动力是（）。','A','A. 创新|@|B. 协调|@|C. 绿色|@|D. 开放','A','1','第十章'),(197,NULL,'伴随中国特色社会主义进入新时代，我国经济已由高速增长阶段转向（）阶段。','D','A. 低速增长|@|B.增长停滞|@|C.稳定增长|@|D.高质量发展','A','1','第十章'),(198,NULL,'堪称一国经济的立身之本、财富创造的根本源泉、国家强盛的重要支柱的是（）。','D','A. 数字经济|@|B.虚拟经济|@|C.股票市场|@|D.实体经济','A','1','第十章'),(199,NULL,'建设现代化经济体系，必须坚持质量第一、（）优先。','A','A. 效益|@|B.公有制经济|@|C.国企国资|@|D.环保','A','1','第十章'),(200,NULL,'当前我国对非公有制经济发展的政策取向是（）。','C','A. 大力巩固和发展|@|B.阻滞|@|C.鼓励、支持和引导|@|D.缩减','A','1','第十章'),(201,NULL,'我国顺应开放型经济发展形势，提高现代化经济体系的国际竞争力，更好利用全球资源和市场，继续积极推进（）框架下的国际交流合作。','A','A. “一带一路”|@|B.亚投行|@|C.世界贸易组织|@|D.联合国','A','1','第十章'),(202,NULL,'走中国特色社会主义政治发展道路，必须坚持党的领导、人民当家作主、（）有机统一。','B','A. 以德治国|@|B.依法治国|@|C.协商民主|@|D.民族区域自治制度','A','1','第十章'),(203,NULL,'党的领导是人民当家作主和依法治国的（）。','A','A. 根本保证|@|B.必然要求|@|C.本质特征|@|D.基本方式','A','1','第十章'),(204,NULL,'（）是社会主义民主政治的本质特征。','C','A. 党的领导|@|B.依法治国|@|C.人民当家作主|@|D.科学立法','A','1','第十章'),(205,NULL,'从国体上来讲，我国是工人阶级领导的、以工农联盟为基础的人民民主专政的社会主义国家，国家一切权力属于（）。','A','A. 人民|@|B. 政府|@|C. 党|@|D. 人大','A','1','第十章'),(206,NULL,'（）是我国根本政治制度。','C','A. 政治协商制度|@|B.民主集中制|@|C.人民代表大会制度|@|D.监察制度','A','1','第十章'),(207,NULL,'下列关于人民代表大会制度的说法中，不正确的一项是（）。','D','A.是党在国家政权中充分发扬民主、贯彻群众路线的最好实现形式|@|B.是坚持党的领导、人民当家作主、依法治国有机统一的根本政治制度安排|@|C.人民代表大会制度必须长期坚持、不断完善|@|D.要支持和保证人大依法行使立法权、监督权、决定权，任免权和司法权','A','1','第十章'),(208,NULL,'我国现阶段的人民民主专政实质上是（）。','D','A.共产党一党专政|@|B.共产党领导的多党联合专政|@|C.工农联合专政|@|D.无产阶级专政','A','1','第十章'),(209,NULL,'能够保证人民当家作主的根本政治制度和最高实现形式是（）.','B','A.人民民主专政|@|B.人民代表大会制度|@|C.中国共产党领导的政治协商制度|@|D.民族区域自治制度','A','1','第十章'),(210,NULL,'在中国共产党领导下，人民内部各方面围绕改革发展稳定重大问题和涉及群众利益的实际问题，在决策之前和决策实施中，开展广泛协商，努力形成共识的民主形式，是（）。','A','A. 协商民主|@|B.决策民主|@|C.党内民主|@|D.绝对民主','A','1','第十章'),(211,NULL,'我们解决台湾问题的基本方针是（）。','A','A. 和平统一、一国两制|@|B.不放弃使用武力|@|C.高度自治|@|D.一个中国','A','1','第十章'),(212,NULL,'两岸关系的政治基础是（）。','C','A. 特别行政区基本法|@|B.中华人民共和国宪法|@|C.一个中国原则|@|D.和平统一','A','1','第十章'),(213,NULL,'掌握意识形态工作领导权，要旗帜鲜明地坚持（）导地位。','A','A. 马克思主义|@|B.社会民主主义|@|C.社会主义|@|D.爱国主义','A','1','第十章'),(214,NULL,'社会主义核心价值观是当代（）的集中体现。','D','A. 中国力量|@|B.中国价值|@|C.中国模式|@|D.中国精神','A','1','第十章'),(215,NULL,'社会主义核心价值观在回答培育什么样的公民这一问题时，给出的表达是（）。','C','A.富强、民主、文明、和谐|@|B.自由、民主、公正、法治|@|C.爱国、敬业、诚信、友善|@|D.自由、爱国、文明、守信','A','1','第十章'),(216,NULL,'要把社会主义核心价值观的基本内容和要求渗透到学校教育教学之中，体现在学校日常管理中，做到“三进”，即（）。','B','A.进活动、进宿舍、进社区|@|B.进教材、进课堂、进头脑|@|C.进教材、进教室、进实验室|@|D.进头脑、进宿舍、进社区','A','1','第十章'),(217,NULL,'培育和践行社会主义核心价值观，必须立足中华优秀传统文化和（）。','A','A. 革命文化|@|B.国外优秀文化|@|C.公共文化|@|D.工人文化','A','1','第十章'),(218,NULL,'（）已经成为中华民族的文化基因，植根在中国人内心深处，潜移默化影响着中国人的思维方式和行为方式。','D','A. 革命文化|@|B.社会主义核心价值观|@|C.社会主义文化|@|D.中华优秀传统文化','A','1','第十章'),(219,NULL,'提高国家文化软实力，首先要努力弘扬（），夯实国家文化软实力的根基。','A','A. 中华文化|@|B.革命文化|@|C.红色文化|@|D.核心价值观','A','1','第十章'),(220,NULL,'提高国家文化软实力，要讲好中国（），传播好中国声音，阐释好中国特色，注重国家形象塑造，提高国际话语权。','A','A. 故事|@|B. 模式|@|C. 方案|@|D. 领袖','A','1','第十章'),(221,NULL,'社会是否文明很大程度上取决于公民的（）。','B','A. 文化素质|@|B.思想道德素质|@|C.经济水平|@|D.普法程度','A','1','第十章'),(222,NULL,'总体国家安全观的宗旨是（）。','A','A. 人民安全|@|B.政治安全|@|C.国家安全|@|D.社会安全','A','1','第十章'),(223,NULL,'生态文明的核心是坚持（）。','A','A. 人与自然和谐共生|@|B.保护环境|@|C.发展经济|@|D.打造生态社会','A','1','第十章'),(224,NULL,'建设社会主义的生态文明就是要实现（）。','D','A. 飞跃发展|@|B.跨越发展|@|C.稳定发展|@|D.和谐发展','A','1','第十章'),(225,NULL,'党的十八大提出了到2020年（）的奋斗目标。','B','A. 全面现代化|@|B. 全面建成小康社会|@|C. 基本现代化|@|D. 实现中国梦','A','1','第十一章'),(226,NULL,'全面建成小康社会，更重要、更难做到的是（）。','B','A. 建成|@|B. 全面|@|C. 幸福|@|D. 小康','A','1','第十一章'),(227,NULL,'全面建成小康社会，“全面”讲的是发展的平衡性、协调性、（）。','A','A. 可持续发展|@|B.可发展性|@|C.全面性|@|D.经济性','A','1','第十一章'),(228,NULL,'党的（）进一步明确了决胜全面建成小康社会的战略','B','A. 十八大|@|B. 十九大|@|C. 十六大|@|D. 十七大','A','1','第十一章'),(229,NULL,'我们已经进入全面建成小康社会（）阶段。','A','A. 决胜|@|B. 战略|@|C. 法治|@|D. 幸福','A','1','第十一章'),(230,NULL,'没有（），就没有全面小康。','A','A. 全民小康|@|B.集体小康|@|C.生活小康|@|D.整体小康','A','1','第十一章'),(231,NULL,'坚持专项扶贫、行业扶贫、（）等“三位一体”格局。','D','A. 精细扶贫|@|B.精准扶贫|@|C.经济扶贫|@|D.社会扶贫','A','1','第十一章'),(232,NULL,'我们要紧扣（）变化，统筹推进“五位一体总体布局。','A','A. 社会主要矛盾|@|B.社会制度|@|C.社会生活|@|D.经济建设','A','1','第十一章'),(233,NULL,'全面深化改革必须坚持共产党对改革的（）。','A','A. 集中统一领导|@|B.指导|@|C.创新|@|D.协商','A','1','第十一章'),(234,NULL,'全面深化改革必须坚持改革沿着（）方向前进。','C','A. 资本主义|@|B.社会主义|@|C.中国特色社会主义|@|D.市场经济','A','1','第十一章'),(235,NULL,'全面深化改革必须坚持改革往有利于维护（）、增进人民福祉方向前进。','C','A. 法治|@|B.民生|@|C.社会公平正义|@|D.和谐','A','1','第十一章'),(236,NULL,'国家治理体系和治理能力是一个国家的制度和（）的集中体现。','A','A. 制度执行能力|@|B.法治建设能力|@|C.生态建设能力|@|D.生态保护能力','A','1','第十一章'),(237,NULL,'推进国家治理体系和治理能力现代化，必须解决好（）问题。','D','A. 治理体系|@|B.生活体系|@|C.目标体系|@|D.价值体系','A','1','第十一章'),(238,NULL,'全面深化改革，要处理好改革、发展、（）的关系。','B','A. 协调|@|B. 稳定|@|C. 和谐|@|D. 整体','A','1','第十一章'),(239,NULL,'（）是改革发展的前提。','A','A. 稳定|@|B. 经济|@|C. 政治|@|D. 安全','A','1','第十一章'),(240,NULL,'全面深化改革，要坚持把改革的力度、发展的速度和（）统一起来。','B','A. 生态环境保护|@|B.社会可承受的程度|@|C.民主法制建设|@|D.可持续发展','A','1','第十一章'),(241,NULL,'（）是治国之重器。','D','A. 道德|@|B. 宗教|@|C. 哲学|@|D. 法律','A','1','第十一章'),(242,NULL,'良法是（）之前提。','C','A. 管理|@|B. 经营|@|C. 善治|@|D. 行政','A','1','第十一章'),(243,NULL,'九届全国人大二次会议通过的《中华人民共和国宪法修正案》将（）正是写入宪法。','B','A. 以德治国|@|B.依法治国|@|C.有法可依|@|D.违法必究','A','1','第十一章'),(244,NULL,'（）是社会主义法治最根本的保证。','B','A. 依法治国|@|B.党的领导|@|C.人民当家作主|@|D.坚持一切从实际出发','A','1','第十一章'),(245,NULL,'全面依法治国，总目标是（）。','A','A.建设中国特色社会主义法治体系，建设社会主义法治国家|@|B.实现法律面前人人平等|@|C.实现人民主人翁地位|@|D.实现党对一切工作的领导','A','1','第十一章'),(246,NULL,'要坚持（）在全面依法治国中的主体地位。','B','A. 中国共产党|@|B.人民|@|C.军队|@|D.工人阶级','A','1','第十一章'),(247,NULL,'全面依法治国，必须（）,不能超越阶段。','A','A. 从我国实际出发|@|B.坚持宪法的根本大法地位|@|C.坚持党的领导|@|D.坚持全心全意为人民服务','A','1','第十一章'),(248,NULL,'（）是新时代党的建设的根本方针。','B','A.立党为公|@|B.坚持党要管党、全面从严治党|@|C.执政为民|@|D.坚持全面深化改革','A','1','第十一章'),(249,NULL,'新时代党的建设，()是基础。','C','A. “为民”|@|B. “勤政”|@|C. “全面”|@|D. “肯干”','A','1','第十一章'),(250,NULL,'新时代党的建设，()是关键。','A','A. “严”|@|B. “狠”|@|C. “稳”|@|D. “准”','A','1','第十一章'),(251,NULL,'新时代党的建设，（）是要害。','B','A. “理”|@|B. “治”|@|C. “查”|@|D. “管”','A','1','第十一章'),(252,NULL,'（）是新时代党的建设目标。','A','A.把党建设成为始终走在时代前列的马克思主义执政党|@|B.全心全意为人民服务|@|C.实现中国梦|@|D.巩固党的执政地位','A','1','第十一章'),(253,NULL,'党的十九大首次把（）纳入党的建设总体布局。','D','A. 党的思想建设|@|B.党的组织建设|@|C.党的作风建设|@|D.党的政治建设','A','1','第十一章'),(254,NULL,'（）是我们党作为马克思主义政党的根本要求。','A','A. 旗帜鲜明讲政治|@|B.旗帜鲜明讲正气|@|C.旗帜鲜明讲党性|@|D.旗帜鲜明讲真理','A','1','第十一章'),(255,NULL,'进入新时代，我们党以()为指引，坚持走中国特色强军之路。','C','A. 毛泽东思想|@|B.邓小平理论|@|C.习近平强军思想|@|D.“三个代表”重要思想','A','1','第十二章'),(256,NULL,'()深刻回答了“新时代建设一支什么样的强大人民军队、怎样建设强大人民军队”的时代课题。','A','A. 习近平强军思想|@|B.新民主主义革命理论|@|C.科学发展观|@|D.社会主义本质理论','A','1','第十二章'),(257,NULL,'我国力争到（）把人民军队全面建成世界一流军队。','B','A.2035年|@|B.本世纪中叶|@|C.建党一百年|@|D.新中国成立一百年','A','1','第十二章'),(258,NULL,'（）是强军的必由之路，必须推进军队组织形态现代化，完善中国特色社会主义军事制度。','D','A. 建设|@|B. 改良|@|C. 革命|@|D. 改革','A','1','第十二章'),(259,NULL,'（）是兴国之举、强军之策，必须坚持发展和安全兼顾、富国和强军统一。','B','A. 军民大团结|@|B.军民融合发展|@|C.军队现代化|@|D.军队统一领导','A','1','第十二章'),(260,NULL,'（）是人民军队全完区別与一切旧军队的政治特质和根本优势。','B','A.党对军队建设工作的重视|@|B.党对军队绝对领导的根本原则和制度|@|C.思想建设|@|D.组织建设','A','1','第十二章'),(261,NULL,'党对军队绝对领导的根本原则和制度，奠基于（）。','C','A. 党的八七会议|@|B.井冈山革命根据地|@|C.三湾改编|@|D.遵义会议','A','1','第十二章'),(262,NULL,'到（），国防和军队建设要基本实现机械化，信息化建设取得重大进展。','A','A.2020年|@|B.2021年|@|C.2019年|@|D.2049年','A','1','第十二章'),(263,NULL,'（）是人民军队的立军之本。','B','A. 作风建军|@|B.政治建军|@|C.思想建军|@|D.组织建军','A','1','第十二章'),(264,NULL,'（）是我们党建军治军的基本方略。','A','A.依法治军、从严治军|@|B.军民融合发展|@|C.构建中国特色现代军事力量体系|@|D.改革','A','1','第十二章'),(265,NULL,'在坚持富国和强军相统一的问题上，（）强调，我们要实现中华民族伟大复兴，必须坚持富国与强军相统一。','C','A. 胡锦涛|@|B. 江泽民|@|C. 习近平|@|D. 邓小平','A','1','第十二章'),(266,NULL,'在推动军民融合深度发展上，（）是经济建设和国家建设协调发展规律的内在要求。','A','A.坚持富国和强军相统一|@|B.坚持理论和实践相统一|@|C.坚持内地工业和沿海工业相统一|@|D.坚持改革和稳定相统一','A','1','第十二章'),(267,NULL,'坚持富国和强军相统一，要求我们必须在（）中兼顾发展和安全，科学统筹好经济建设和国防建设。','D','A.治国理政|@|B.经济建设和国防建设相统一|@|C.国家基本战略|@|D.国家总体战略','A','1','第十二章'),(268,NULL,'未来信息化战争是（）的对抗，涉及的领域更宽广，潜力的比拼更立体。','B','A. 高科技战场|@|B.多维战场|@|C.现代化战场|@|D.无硝烟的战场','A','1','第十二章'),(269,NULL,'我国军民融合发展刚进入由初步融合向深度融合的过渡阶段，必须坚持（），正确把握和处理经济建设和国防建设的关系。','A','A. 问题牵引|@|B.—个中心，两个基本点|@|C.稳步推进|@|D.政治导向','A','1','第十二章'),(270,NULL,'在国家层面，成立（），是健全军民融合深度发展的体制机制的重要内容。','C','A.监察委员会|@|B.火箭军部队|@|C.中央军民融合发展委员会|@|D.中央军民融合发展领导小组','A','1','第十二章'),(271,NULL,'推动军民融合深度发展，必须（），以点带面推动整体水平提升。','B','A. 坚持辩证法|@|B.向重点领域聚焦用力|@|C.加强军民团结|@|D.坚持人民战争的战略思想','A','1','第十二章'),(272,NULL,'加快形成军民融合深度发展格局，应（），构建物资储备网络布局，形成骨干在军、主体在民的后勤社会化保障新模式。','D','A. 构建优势|@|B.突出整体性|@|C.强化发展|@|D.突出重点领域','A','1','第十二章'),(273,NULL,'（）是实现富国和强军相统一的重要政治保障，是我党我军特有的政治优势。','C','A. 发挥政治优势|@|B.突出重点领域|@|C.军政军民团结|@|D.坚持全国一盘棋','A','1','第十二章'),(274,NULL,'（）是军民融合发展的重要纽带。','C','A.建立健全国防动员体制机制|@|B.深化民兵预备役体制改革|@|C.国防动员|@|D.优化后备力量规模、结构和布局','A','1','第十二章'),(275,NULL,'世界经济仍处于（）,复苏动力不足，低增长、低通胀、低需求同高失业、高债务、高泡沫等风险交织，主要经济体走势和政策取向继续分化，经济环境的不确定性依然突出。','B','A. 高速发展期|@|B.深度调整期|@|C.低速增长期|@|D.迅速恢复期','A','1','第十三章'),(276,NULL,'（）是人类文明进步的重要动力。','C','A. 文化的多层次化|@|B.文化的地域性|@|C.文化的多样化|@|D.文化的民族性','A','1','第十三章'),(277,NULL,'衡量国家软实力和竞争力的重要标志是（）。','A','A. 信息资源的掌握|@|B.军事力量的强弱|@|C.经济力量的发展|@|D.科技人才的培养','A','1','第十三章'),(278,NULL,'中国独立自主的和平外交政策，就是把国家（）放在第一位。','B','A. 经济和安全|@|B.主权和安全|@|C.政治和安全|@|D.文化和安全','A','1','第十三章'),(279,NULL,'中国外交政策的宗旨是（）。','D','A.加强同第三世界国家的团结与合作|@|B.独立自主|@|C.支持对外开放，加强国际交往|@|D.维护世界和平，促进共同发展','A','1','第十三章'),(280,NULL,'新型国际关系，特别“新”在（）。','C','A. 相互尊重|@|B.公平正义|@|C.合作共贏|@|D.和谐有序','A','1','第十三章'),(281,NULL,'推动建立新型国际关系，要坚决维护（）利益。','A','A. 国家核心|@|B.国家经济|@|C.国家政治|@|D.国家金融','A','1','第十三章'),(282,NULL,'推动建立新型国际关系，要在（）基础上发展同世界各国的友好合作。','B','A. 平等互利原则|@|B.和平共处五项原则|@|C.互相尊重原则|@|D.互不侵犯原则','A','1','第十三章'),(283,NULL,'中国秉持（）的全球治理观。','C','A. 共建共享共有|@|B.共商共建共有|@|C.共商共建共享|@|D.共有共建共享','A','1','第十三章'),(284,NULL,'“人类命运共同体”概念最早是在党的（）上明确提出的。','A','A. 十八大|@|B.十八屈二中全会|@|C.十八届六中全会|@|D.十九大','A','1','第十三章'),(285,NULL,'人类命运共同体追求的是（）。','D','A. 共同开放|@|B.相互尊重|@|C.相互扶持|@|D.共同发展','A','1','第十三章'),(286,NULL,'2013年9月，习近平在出访（）国家期间，提出共建“丝绸之路经济带”的重大倡议。','D','A. 东南亚|@|B. 中东|@|C. 西欧|@|D. 中亚','A','1','第十三章'),(287,NULL,'首届“一带—路”国际合作高峰论坛于（）成功举办。','B','A.2018年3月|@|B.2017年5月|@|C.2016年5月|@|D.2015年5月','A','1','第十三章'),(288,NULL,'党的（）提出要以“一带一路”建设为重点，坚持引进来和走出去并重，遵循共商共建共享原则，加强创新能力开放合作，形成陆海内外联动、东西双向互济的开放格局。','B','A. 十八大|@|B.十九大|@|C.十八届三中全会|@|D.十九届三中全会','A','1','第十三章'),(289,NULL,'（）是“一带一路”国际合作的重要内容。','A','A. “引进来和走出去”|@|B.“陆海内外联动”|@|C.“东西双向互济”|@|D.鼓励沿线国家来华投资','A','1','第十三章'),(290,NULL,'（）既是中国外交的崇高目标，也是世界各国的共同责任和历史使命。','D','A. 坚持独立自主|@|B.坚持不结盟|@|C.坚持走和平发展道路|@|D.构建人类命运共同体','A','1','第十三章'),(291,NULL,'推动建立人类命运共同体，要坚持（）,建设一个持久和平的世界。','C','A. 共建共享|@|B.合作共赢|@|C.对话协商|@|D.绿色低碳','A','1','第十三章'),(292,NULL,'推动建立人类命运共同体，要坚持共建共享，建设一个（）的世界。','A','A. 普遍安全|@|B.持久和平|@|C.开放包容|@|D.共同繁荣','A','1','第十三章'),(293,NULL,'推动建立人类命运共同体，要坚持（），建设一个共同繁荣的世界。','D','A. 交流互鉴|@|B.绿色低碳|@|C.共建共享|@|D.合作共赢','A','1','第十三章'),(294,NULL,'推动建立人类命运共同体，要坚持（）,建设一个清洁美丽的世界。','D','A. 合作共赢|@|B.共建共享|@|C.交流互鉴|@|D.绿色低碳','A','1','第十三章'),(295,NULL,'中国共产党是中国（）的先锋队。','C','A. 人民|@|B.社会各阶级|@|C.工人阶级|@|D.农民阶级','A','1','第十四章'),(296,NULL,'中国（）是中国人民和中华民族的先锋队。','A','A. 共产党|@|B.国民党|@|C.民主同盟|@|D.农工党','A','1','第十四章'),(297,NULL,'（）是中国特色社会主义事收的领导核心。','B','A. 国务院      |@| B.中国共产党|@|C.人民代表大会|@|D.国家主席','A','1','第十四章'),(298,NULL,'以下不属于中国共产党领导中国人民取得的胜利的是（）。','A','A.领导北伐战争|@|B.推翻国民党反动统治，完成新民主主义革命，建立了中华人民共和国|@|C.进行改革开放新的伟大革命|@|D.完成社会主义革命，确立社会主义基本制度','A','1','第十四章'),(299,NULL,'（）是中国特色社会主义最本质的特征。','B','A. 中国道路|@|B.中国共产党的领导|@|C.中国制度|@|D.中国文化','A','1','第十四章'),(300,NULL,'坚持（）是无产阶级革命和社会主义建设取得胜利的根本保证。','C','A. 社会主义道路   |@|B.人民民主专政|@|C.无产阶级政党的领导|@|D.中国特色社会主义理论','A','1','第十四章'),(301,NULL,'社会主义代替资本主义，必须通过（）运动来实现。','A','A. 无产阶级的革命|@|B.无产阶级的改良|@|C.经济体制改革|@|D.政治体制改革','A','1','第十四章'),(302,NULL,'实现中华民族伟大复兴，关键在（）,','B','A. 道路|@|B. 党|@|C. 制度|@|D. 文化','A','1','第十四章'),(303,NULL,'我们国家和民族有一个坚强的领导核心，是（）。','A','A. 中国共产党|@|B.全国人民代表大会|@|C.中国国家主席|@|D.中国国务院','A','1','第十四章'),(304,NULL,'（）是中国特色社会主义制度的最大优势。','C','A. 实事求是的原则|@|B.和平、发展、合作理念|@|C.中国共产党的领导|@|D.民主法制建设','A','1','第十四章'),(305,NULL,'（）是当代中国发展进步的根本制度保障，具有鲜明的中国特色，拥有明显的制度优势。','A','A. 中国特色社会主义制度|@|B.中国的基本经济制度|@|C.中国的基本分配制度  |@|D.中国的基本政治制度','A','1','第十四章'),(306,NULL,'（）是激励全党全国各族人民奋勇前进的强大精神力量。','D','A.中国特色社会主义道路|@|B.中国特色社会主义理论体系|@|C.中国特色社会主义制度|@|D.中国特色社会主义文化','A','1','第十四章'),(307,NULL,'（）是实现社会主义现代化、创造人民美好生活的必由之路。','B','A.中国特色社会主义文化|@|B.中国特色社会主义道路|@|C.中国特色社会主义理论体系|@|D.中国特色社会主义制度','A','1','第十四章'),(308,NULL,'（）是指导党和人民实现中华民族伟大复兴的正确理论。','C','A.中国特色社会主义道路|@|B.中国特色社会主义制度|@|C.中国特色社会主义理论体系|@|D.中国特色社会主义文化','A','1','第十四章'),(309,NULL,'（）是当代中国发展进步的根本制度保障','A','A.中国特色社会主义制度|@|B.中国特色社会主义文化|@|C.中国特色社会主义道路|@|D.中国特色社会主义理论体系','A','1','第十四章'),(310,NULL,'伟大斗争、伟大工程、伟大事业、伟大梦想是一个紧密联系、相互贯通、相互作用、有机统一的整体，其中，起决定性作用的是（）伟大工程。','D','A. 民族复兴|@|B.社会斗争|@|C.中国特色社会主义|@|D.党的建设','A','1','第十四章'),(311,NULL,'无产阶级执政党必须坚持党对（）的最高领导权，这是马克思主义政党学说的基本原则。','B','A. 国家经济|@|B.国家政权|@|C.国家意识形态|@|D.国家文化','A','1','第十四章'),(312,NULL,'党的（）描绘了决胜全面建成小康社会、夺取新时代中国特色社会主义伟大胜利的宏伟蓝图，进一步指明了党和国家事业的前进方向，为建设社会主义现代化强国、实现中华民族伟大复兴提供了行动纲领。','B','A. 十八大|@|B.十九大|@|C.十八届三中全会|@|D.十九届三中全会','A','1','第十四章'),(313,NULL,'坚持党总揽全局，协调各方的领导核心地位，是党作为最高（）力量在治国理政中的重要体现。','A','A. 政治|@|B. 组织|@|C. 领导|@|D. 政党','A','1','第十四章'),(314,NULL,'在国家治理体系的大棋局中，（）是坐镇中军帐的“帅”，车马炮各展其长，一盘棋大局分明。','D','A. 国务院|@|B.全国人民代表大会|@|C.国家主席|@|D.党中央','A','1','第十四章'),(315,NULL,'在（）中，1921年中国共产党应运而生，担负起为人民谋幸福、为民族谋复兴的历史使命，中国人民从精神上由被动转为主动。','B,C,D,E','A.革命和建设的长期实践|@|B.近代以后中国社会的剧烈运动|@|C.中国人民反抗封建统治的激烈斗争|@|D.中国人民反抗外来侵略的激烈斗争|@|E.马克思列宁主义同中国工人运动的结合过程','B','1','第一章'),(316,NULL,'中国特色社会主义理论体系包括（）','B,C,D,E','A.毛泽东思想|@|B.邓小平理论|@|C.“三个代表”重要思想|@|D.科学发展观|@|E.习近平新时代中国特色社会主义思想','B','1','第一章'),(317,NULL,'毛泽东思想和中国特色社会主义理论体系，都是（）。','A,B,C,D,E','A.马克思主义中国化的理论成果|@|B.中国化的马克思主义|@|C.中国共产党长期坚持的指导思想|@|D.国家的指导思想|@|E.全国各族人民团结奋斗的共同思想基础','B','1','第一章'),(318,NULL,'开设“毛泽东思想和中国特色社会主义理论体系概论”，是为了使大学生对中国共产党在新时代坚持的（）有更加透彻的理解。','C,D,E','A. 基本线索|@|B. 基本方位|@|C.基本理论|@|D.基本路线|@|E.基本方略','B','1','第一章'),(319,NULL,'毛泽东思想产生的社会历史条件有（）','A,B,C','A.俄国十月革命开辟了世界无产阶级社会主义革命的新时代|@|B.新的社会生产力的增长以及工人阶级队伍的壮大、工人运动的发展|@|C.马克思主义在中国的广泛传播|@|D.中国共产党领导的深刻复杂的大革命|@|E.近代中国社会矛盾和革命运动的发展','B','1','第一章'),(320,NULL,'第一次国内革命战争时期，毛泽东在（）等著作中，分析了中国社会各阶级在革命中的地位和作用，提出了新民主主义革命的基本思想。','A,E','A. 《中国社会各阶级的分析》|@|B. 《〈共产党人〉发刊词》|@|C.《实践论》|@|D.《矛盾论》|@|E.《湖南农民运动考察报告》','B','1','第一章'),(321,NULL,'土地革命战争时期，毛泽东在（）等著作中，提出并阐述了农村包围城市、武装夺取政权的思想，标志着毛泽东思想的初步形成。','A,C,D,E','A.《中国的红色政权为什么能够存在？》|@|B.《新民主主义论》|@|C.《并冈山的斗争》|@|D.《星星之火，可以燎原》|@|E.《反对本本主义》','B','1','第一章'),(322,NULL,'土地革命战争时期，以毛泽东为主要代表的中国共产党人，在同党内一度盛行的把（）的错误倾向的斗争中，逐步开辟了农村包围城市、武装夺取政权的革命道路。','A,C,D','A. 马克思主义教条化|@|B.马克思主义民族化|@|C.共产国际决议神圣化|@|D.苏联经验神圣化|@|E.马克思主义时代化','B','1','第一章'),(323,NULL,'毛泽东科学阐述新民主主义革命的对象、动力、领导力量、性质和前途等基本问题的著作有（）。','B,C,D,E','A. 《湖南农民运动考察报告》|@|B.《〈共产党人〉发刊词》|@|C.《中国革命和中国共产党》|@|D.《新民主主义论》|@|E.《论联合政府》','B','1','第一章'),(324,NULL,'解放战争和新中国成立以后，以毛泽东为主要代表的中国共产党人进一步提出了（），并且领导全党全国人民进行了社会主义建设道路的艰辛探索。','B,C,D','A. 新民主主义革命理论|@|B.人民民主专政理论|@|C.社会主义改造理论|@|D.正确处理人民内部矛盾的理论|@|E.改革开放理论','B','1','第一章'),(325,NULL,'关于社会主义革命和社会主义建设的重要思想，集中体现于毛泽东（）等著作中。','A,B,D,E','A.《在中国共产党第七届中央委员会第二次全体会议上的报告》|@|B.《论人民民主专政》|@|C.《论联合政府》|@|D.《论十大关系》|@|E.《关于正确处理人民内部矛盾的问题》','B','1','第一章'),(326,NULL,'毛泽东思想的主要内容，包括（）。','A,B,C,D,E','A.新民主主义革命理论|@|B.社会主义革命和社会主义建设理论|@|C.革命军队建设和军事战略的理论|@|D.政策和策略的理论、党的建设理论|@|E.思想政治工作和文化工作的理论','B','1','第一章'),(327,NULL,'毛泽东（），创立了无产阶级领导的，工农联盟为基础的，人民大众的，反对帝国主义、封建主义和官僚资本主义的新民主主义革命理论。','A,B,C,D','A.从中国的历史状况出发|@|B.从中国的现实状况出发|@|C.深刻研究中国革命的特点和规律|@|D.发展了马克思列宁主义关于无产阶级在民主革命中的领导权思想|@|E.丰富和发展了马克思列宁主义的阶级斗争学说','B','1','第一章'),(328,NULL,'新民主主义革命理论的基本点是（）。','A,B','A.认为中国资产阶级有两个部分|@|B.认为中国革命只能以长期的武装斗争为主要形式|@|C.认为无产阶级在资产阶级民主革命中是追随者|@|D.主张“两次革命论”|@|E.提出社会主义工业化和社会主义改造并举的方针','B','1','第一章'),(329,NULL,'新民主主义革命胜利后，毛泽东领导我们党，（），从理论和实践上解决了在中国这样一个占世界人口近1/4.经济文化落后的大国建立社会主义制度这一重大问题。','A,B,D','A.依据新民主主义革命胜利所创造的向社会主义过渡的经济政治条件|@|B.采取社会主义工业化和社会主义改造并举的方针|@|C.依靠工农联盟|@|D.实行逐步改造生产资料私有制的具体政策|@|E.通过无产阶级专政','B','1','第一章'),(330,NULL,'毛泽东强调人民军队实行（）三大民主。','A,B,E','A. 政治|@|B. 经济|@|C.文化|@|D.管理|@|E.军事','B','1','第一章'),(331,NULL,'毛泽东强调人民军队实行（）的原则。','A,C,D','A. 官兵一致|@|B. 上下一致|@|C.军民一致|@|D.瓦解敌军|@|E.歼灭敌人','B','1','第一章'),(332,NULL,'毛泽东在总结实践经验的基础上，提出了许多重要的政策和策略思想，包括（）等。','A,B,C,D','A.弱小的革命力量在变化着的主客观条件下能够最终战胜强大的反动力量|@|B.战略上要藐视敌人，战术上要重视敌人|@|C.要掌握斗争的主要方向，不要四面出击|@|D.在反动统治地区，把公开斗争和秘密斗争结合起来，在组织上采取隐蔽精干的方针|@|E.集中优势兵力，各个歼灭敌人','B','1','第一章'),(333,NULL,'毛泽东提出，对敌人要区别对待、分化瓦解，实行（）的策略，并做到有理、有利、有节。','A,B,C,E','A. 利用矛盾|@|B. 争取多数|@|C.反对少数|@|D.团结关键人物|@|E.各个击破','B','1','第一章'),(334,NULL,'毛泽东指出，（）是中国共产党区别于其他任何政党的显著标志。','A,B,C','A.理论和实践相结合的作风|@|B.和人民群众紧密地联系在一起的作风|@|C.自我批评的作风|@|D.经常开展思想政治教育|@|E.重视社会实践','B','1','第一章'),(335,NULL,'实事求是，是（）。','A,B,D,E','A.马克思主义的根本观点|@|B.中国共产党人认识世界、改造也界的根本要求|@|C.党的群众路线的本质体现|@|D.我们党的基本思想方法|@|E.我们党的工作方法、领导方法','B','1','第一章'),(336,NULL,'（）是关系党生死存亡的问题。','D,E','A. 革命斗争中的政策和策略问题|@|B.为什么人的问题|@|C.领导方法问题|@|D.党风问题|@|E.党同人民群众的联系问题','B','1','第一章'),(337,NULL,'毛泽东思想所蕴含的马克思主义的（）,为中国特色社会主义理论体系提供了基本遵循。','A,C,D','A. 立场|@|B. 气派|@|C.观点|@|D.方法|@|E.表达方式','B','1','第一章'),(338,NULL,'毛泽东思想的科学含义具体表现为（）。','B,D,E','A.是马克思列宁主义民族化的优秀典型|@|B.是马克思列宁主义在中国的运用和发展|@|C.是被实践证明了的关于在中国建设、巩固和发展社会主义的正确的理论原则和经验总结|@|D.是被实践证明了的关于中国革命和建设的正确的理论原则和经验总结|@|E.是中国共产党集体智慧的结晶','B','1','第一章'),(339,NULL,'关于近代中国半殖民地半封建社会的主要矛盾，下列说法正确的是（）。','A,B','A.帝国主义和中华民族的矛盾|@|B.封建主义和人民大众的矛盾|@|C.半殖民地与半封建的矛盾|@|D.地主阶级与民族资产阶级的矛盾|@|E.无产阶级和资产阶级的矛盾','B','1','第二章'),(340,NULL,'近代中国民主革命的根本任务是()。','A,B,C,E','A.推翻帝国主义、封建主义和官僚资本主义的统治|@|B.从根本上推翻反动腐朽的政治上层建筑|@|C.变革阻碍生产力发展的生产关系|@|D.反对资本主义剥削|@|E.为建设富强民主的国家、确立人民当家作主的政治制度、改善人民生活扫清障碍，创造必要的前提','B','1','第二章'),(341,NULL,'下列属于新民主主义革命总路线的内容有()。','A,B,C,D,E','A.无产阶级领导|@|B.人民大众参与|@|C.反对帝国主义|@|D.反对封建主义|@|E.反对官僚资本主义','B','1','第二章'),(342,NULL,'反对封建主义，从根本上说，就是要（）。','B,D','A.在军事上改变落后状态|@|B.在经济上消灭封建制度|@|C.在经济上消灭贫富差距|@|D.在阶级上消除官僚买办|@|E.在政治上消灭军阀的专制统治','B','1','第二章'),(343,NULL,'官僚资本主义（）。','A,B,C,D','A.依靠帝国主义|@|B.勾结封建势力|@|C.利用国家政权力量|@|D.是买办的封建的国家垄断资本主义|@|E.是先进生产力的代表','B','1','第二章'),(344,NULL,'近代中国压在人民头上的三座大山分别是（）。','C,D,E','A.民族资产阶级|@|B.小资产阶级|@|C.帝国主义|@|D.封建主义|@|E.官僚资本主义','B','1','第二章'),(345,NULL,'新民主主义革命的动力包栝（）。','A,B,C,D','A.无产阶级|@|B.农民阶级|@|C.城市小资产阶级|@|D.民族资产阶级|@|E.开明乡绅','B','1','第二章'),(346,NULL,'关于中国无产阶级，下列说法正确的是（）。','B,C,D,E','A.是中国人数最多的阶级|@|B.是新的社会生产力的代表|@|C.是近代中国最进步的阶级|@|D.是中国革命的领导力量|@|E.是伴随着外国资本主义在中国直接经营企业而产生的','B','1','第二章'),(347,NULL,'无产阶级的领导权是（）。','A,C,D','A.中国革命的中心问题|@|B.中国革命的实质|@|C.新民主主义革命理论的核心问题|@|D.新旧两种不同范畴的民主主义革命的根本标志|@|E.中国革命的基本问题','B','1','第二章'),(348,NULL,'中国无产阶级自身的特点和优点有（）。','B,C,D','A.人数众多|@|B.革命更彻底|@|C.分布集中|@|D.易于结成工农联盟|@|E.和知识分子结合紧密','B','1','第二章'),(349,NULL,'新民主主义革命与旧民主主义革命相比有新的内容和特点，集中表现在（）。','A,B,C,D','A.中国革命处于世界无产阶级社会主义革命的时代，是世界无产阶级社会主义革命的一部分|@|B.革命的领导力量是中国无产阶级及其先锋队——中国共产党|@|C.革命的指导思想是马克思列宁主义|@|D.革命的前途是社会主义|@|E.革命的前途是资本主义','B','1','第二章'),(350,NULL,'下列属于新民主主义经济纲领的内容有（）。','B,C,E','A.没收社会一切财富归新民主主义国家所有|@|B.没收封建地主阶级的土地归农民所有|@|C.没收官僚资产阶级的垄断资本归新民主主义国家所有|@|D.保护知识分子|@|E.保护民族工商业','B','1','第二章'),(351,NULL,'中国革命走农村包围城市、武装夺取政权的道路，根本在于处理好（）之间的关系。','A,B,E','A.土地革命|@|B.武装斗争|@|C.地主阶级|@|D.民族资产阶级|@|E.农村革命根据地建设','B','1','第二章'),(352,NULL,'党在中国革命中战胜敌人的主要法宝有（）.','B,C,D','A.农村包围城市、武装夺取政权的革命道路|@|B.统一战线|@|C.武装斗争|@|D.党的建设|@|E.党的领导','B','1','第二章'),(353,NULL,'中国共产党在加强自身建设中积累了丰富的经验，归纳起来主要有（）。','A,B,C,D','A.必须把思想建设始终放在党的建设的首位|@|B.必须在任何时候都重视党的组织建设|@|C.必须重视党的作风建设|@|D.必须联系党的政治路线加强党的建设|@|E.必须把党的利益放在第一位','B','1','第二章'),(354,NULL,'在新民主主义社会中，存在的经济成分有（）','A,B,C,D,E','A. 国营经济|@|B.合作社经济|@|C.个体经济|@|D.私人资本主义经济|@|E.国家资本主义经济','B','1','第三章'),(355,NULL,'在新民主主义社会中，中国社会的阶级构成主要有（）。','A,B,C,D','A. 工人阶级|@|B.农民阶级|@|C.小资产阶级|@|D.民族资产阶级|@|E.地主阶级','B','1','第三章'),(356,NULL,'关于1953年12月形成的总路线，下列说法正确的有（）。','A,B,C,E','A.从中华人民共和国成立，到社会主义改造基本完成，这是一个过渡时期|@|B.要在一个相当长的时期内，逐步实现国家的社会主义工业化|@|C.逐步实现国家对农业、手工业和资本主义工商业的社会主义改造|@|D.主要内容被概括为“一体两翼”|@|E.主要内容被概括为“一化三改”','B','1','第三章'),(357,NULL,'为完成对农业的社会主义改造，我们实施了（）。','A,B,C,D','A.积极引导农民组织起来，走互助合作道路|@|B.遵循自愿互利、典型示范和国家帮助的原则，以互助合作的优越性吸引农民走互助合作道路|@|C.正确分析农村的阶级和阶层状况，制定正确的阶级政策|@|D.坚持积极领导，稳步前进的方针，采取循序渐进的步骤|@|E.直接让农民进入城市，变成产业工人','B','1','第三章'),(358,NULL,'农业社会主义改造大体上经历了（）等几个发展阶段。','B,C,E','A. 个体经济|@|B. 互助组|@|C.初级社|@|D.中级社|@|E.高级社','B','1','第三章'),(359,NULL,'手工业社会主义改造大体上经历了（）等几个发展阶段。','B,C,D','A. 组织手工业者建立手工作坊|@|B.办手工业供销小组|@|C.办手工业供销合作社|@|D.建立手工业生产合作社|@|E.建立手工产品销售市场','B','1','第三章'),(360,NULL,'对资本主义工商业实行和平赎买（）。','A,B,C,D,E','A.有利于发挥私营工商业在国计民生方面的积极作用，促进国民经济发展|@|B.有利于争取和团结民族资产阶级|@|C.有利于团结各民主党派和各界爱国民主人士，巩固和发展统一战线|@|D.有利于发挥民族资产阶级中大多数人的知识、才能、技术专长和管理经验|@|E.有利于争取和团结那些原来同资产阶级相联系的知识分子为社会主义建设服务','B','1','第三章'),(361,NULL,'我国之所以能够采取赎买的方式对资本主义工商业进行和平改造，是因为（）。','A,B,C','A.民族资产阶级具有两面性|@|B.中国共产党与民族资产阶级长期保持着统一战线的关系|@|C.我国已经有了以工人阶级为领导、工农联盟为基础的人民民主专政的国家政权|@|D.民族资产阶级的积极主动|@|E.农业、手工业社会主义改造完成','B','1','第三章'),(362,NULL,'初级形式的国家资本主义是国家对私营工商业实行（）。','A,B,D,E','A. 委托加工|@|B. 计划订货|@|C.代购代销|@|D.统购包销|@|E.经销代销','B','1','第三章'),(363,NULL,'在社会主义改造向社会主义过渡的进程中，中国共产党积累了丰富的历史经验，主要有（）。','A,B,C','A.坚持社会主义工业化建设与社会主义改造同时并举|@|B.采取积极引导、逐步过渡的方式|@|C.用和平方法进行改造|@|D.这些方法也适用于其他国家|@|E.为从封建社会向杜会主义社会过渡找到了一个方法','B','1','第三章'),(364,NULL,'1956年底，我国对（）的社会主义改造基本完成。','A,B,C','A. 农业|@|B. 手工业|@|C.资本主义工商业|@|D.商业|@|E.工商业','B','1','第三章'),(365,NULL,'1954年9月，第一届全国人民代表大会的召幵和《中华人民共和国宪法》的制定及颁布施行的意义是（）','A,C,D','A.为各族人民参与国家政治生活提供了必要条件和保证|@|B.我国的人民民主政治建设并不是在有步骤地推进|@|C.为逐步健全和完善我国社会主义政治制度奠定了坚实的基础|@|D.成为我国社会主义民主政治建设的里程碑|@|E.是随着社会主义改造的进行而推进的','B','1','第三章'),(366,NULL,'（）的确立表明我国由一个新民主主义的国家转变为社会主义国家。','A,B,C','A.人民代表大会制度|@|B.中国共产党领导的多党合作和政治协商制度|@|C.民族区域自治制度|@|D.“一国两制”|@|E.革命斗争','B','1','第三章'),(367,NULL,'18.伴随着社会经济制度和社会经济结构的根本变化，我国社会的阶级关系发生了根本的变化，主要有（）','A,B,C,D,E','A.帝国主义侵略势力已经被清除出中国大陆|@|B.官僚资产阶级已经在中国内地被消灭|@|C.原来的地主和富农正在被改造成为自食其力的劳动者|@|D.民族资产阶级分子被改造成自食其力的劳动者|@|E.工人阶级已经成为国家的领导阶级','B','1','第三章'),(368,NULL,'社会主义基本制度确立的意义是（）。','A,B,C,D,E','A.是中国历史上最深刻最伟大的社会变革|@|B.为当代中国一切发展进步奠定了制度基础|@|C.为中国特色社会主义制度的创新和发展提供了重要前提|@|D.极大地提高了工人阶级和广大劳动人民的积极性、创造性|@|E.极大地促进了我国社会生产力的发展','B','1','第三章'),(369,NULL,'新中国成立初期，我国主要学苏联经验，但实践表明，（）。','A,B,C','A.照抄照搬苏联经验不符合中国国情|@|B.仍需要实现马克思主义与中国实际的“第二次结合”|@|C.需要积极探索适合中国特点的社会主义建设道路|@|D.苏联经验是被实践证明了的关于中国革命和建设的正确的理论原则和经验总结|@|E.苏联经验是完全错误的','B','1','第四章'),(370,NULL,'关于《论十大关系》，下列说法正确的是（）。','A,B,C,D,E','A.1956年4月和5月，毛泽东先后在中央政治局扩大会议和最高国务会议上作的报告|@|B.初步总结了我国社会主义建设的经验|@|C.明确提出要以苏为鉴，独立自主地探索适合中国情况的社会主义建设道路|@|D.标志着党探索中国社会主义建设道路的良好开端|@|E.从十个方面论述了我国社会主义建设需要重点把握的一系列重大关系','B','1','第四章'),(371,NULL,'在全党和全国工作重心由革命转向建设的时候，面临着一个如何认识和处理社会主义矛盾的问题。对此，以下表述符合当时情况的是（）。','B,C,D','A.我国社会主义改造和建设中并没有出现失误|@|B.我国社会主义改造和建设中出现了一些失误，以及少数干部存在着官僚主义作风，严重脱离群众，引起了部分群众的不满|@|C.1956年秋冬，在一些农村、工厂、学校还出现了“闹事”的情况|@|D.面对新问题、新矛盾，许多党员和干部思想上缺乏准备，也缺乏处理这些问题和矛盾的经验|@|E.党员干部能够正确认识和处理社会主义社会矛盾问题','B','1','第四章'),(372,NULL,'关于社会主义社会矛盾，毛泽东认为（）','A,B,C,D','A.矛盾是普遍存在的，社会主义社会同样充满着矛盾|@|B.提倡运用对立统一规律深刻分析社会主义社会的矛盾|@|C.在社会主义社会中，基本的矛盾仍然是生产关系和生产力之间的矛盾，上层建筑和经济基础之间的矛盾|@|D.矛盾推动着社会主义社会不断地向前发展|@|E.社会主义社会不存在矛盾','B','1','第四章'),(373,NULL,'人民内部矛盾，包括（）。','A,B,C,D,E','A.工人阶级内部的矛盾|@|B.农民阶级内部的矛盾|@|C.知识分子内部的矛盾|@|D.工农两个阶级之间的矛盾|@|E.工人、农民同知识分子之间的矛盾','B','1','第四章'),(374,NULL,'毛泽东关于社会主义社会矛盾的学说，（）','A,B,C,D,E','A.科学揭示了社会主义社会发展的动力|@|B.以独创性的内容丰富了马克思主义的理论宝库|@|C.为正确处理社会主义社会各种矛盾、创造良好的社会环境和政治环境，提供了基本的理论依据|@|D.为后来的社会主义改革奠定了理论基础|@|E.为创造良好的社会环境和政治环境，提供了基本的理论依据','B','1','第四章'),(375,NULL,'走中国工业化道路，必须（）。','A,B,C,D,E','A.明确战略目标和战略步骤|@|B.采取正确的经济建设方针|@|C.发展科学技术和文化教育|@|D.重视知识分子工作|@|E.调整和完善所有制结构','B','1','第四章'),(376,NULL,'党领导人民探索社会主义建设道路所面对的严峻复杂的国内外形势有（）','A,B,C,D,E','A.我国人口多|@|B.我国底子薄|@|C.我国经济文化比较落后|@|D.我国社会主义建设的任务艰巨繁重|@|E.以美国为首的西方国家对中国采取敌视政策，并进行封锁和遏制，企图颠覆社会主义制度','B','1','第四章'),(377,NULL,'新中国成立初期党领导人民探索社会主义建设的成就为开启新时期新道路奠定了重要的物质基础，主要有（）','A,B,C,D','A.在这一探索过程中，我囯经济保持了较快的发展速度，经济实力显著增强|@|B.基本建立了独立的比较完整的工业体系和国民经济体系，从根本上解决了工业化“从无到有”的问题|@|C.改革开放以后我国赖以进行现代化建设的物质技术基础，很大一部分是这一时期建设起来的|@|D.全国经济文化建设等方面的骨干力量和他们的工作经验，大部分也是在这一时期培养和积累起来的|@|E.在探索中形成了一些正确的和比较正确的思想观点，取得了独创性理论成果','B','1','第四章'),(378,NULL,'党对社会主义建设道路的初步探索在取得巨大成就的同时也遭受严重挫折，留下了深刻教训，主要有（）。','A,B,C,D,E','A.必须把马克思主义与中国实际相结合，探索符合中国特点的社会主义建设道路|@|B.必须正确认识社会主义社会的主要矛盾和根本任务，集中力量发展生产力|@|C.必须从实际出发进行社会主义建设，建设规模和速度要和国力相适应，不能急于求成|@|D.必须发展社会主义民主，健全社会主义法制|@|E.必须坚持党的民主集中制和集体领导制度，加强执政党建设','B','1','第四章'),(379,NULL,'导致阶级斗争扩大化，甚至发生“文化大革命”的严重错误的原因有（）。','A,B,C,D,E','A.我国的社会主义是从半殖民地半封建的社会并经过短暂的新民主主义社会逐步过渡来的，党对发展社会主义民主的经验不足|@|B.对于什么是社会主义民主、怎样发展社会主义民主，党在认识上不是完全清楚|@|C.虽然制定了法律，却没有树立起法律的权威|@|D.民主和法制都不健全，党内外关于社会主义建设的不同意见受到压制和打击|@|E.错误的决策得不到及时制止甚至被当作社会主义的原则加以固守','B','1','第四章'),(380,NULL,'阶级斗争扩大化的实践证明（）。','A,B,C,D','A.中国要实现社会主义现代化，就必须发展社会主义民主，加强社会主义法制|@|B.大力发展人民民主，确保人民行使当家作主的权利，使公民的民主权利得到切实保障|@|C.党必须在宪法和法律范围内活动|@|D.任何一级党组织和领导人都不能有超出法律之上的权力|@|E.各种制度和法律可以因领导人的改变而改变，可以因领导人看法和注意力的改变而改变','B','1','第四章'),(381,NULL,'社会主义建设道路初步探索的正反两方面经验，为今天坚持和发展中国特色社会主义提供了重要借鉴。习近平强调（）。','A,B,C,D,E','A.我们党领导人民进行社会主义建设，有改革开放前和改革开放后两个历史时期|@|B.改革开放前和改革开放后两个历史时期是两个相互联系又有重大区别的时期|@|C.改革开放前和改革开放后两个历史时期本质上都是我们党领导人民进行社会主义建设的实践探索|@|D.中国特色社会主义是在改革开放历史新时期开创的|@|E.中国特色社会主义是在新中国已经建立起社会主义基本制度、并进行了20多年建设的基础上开创的','B','1','第四章'),(382,NULL,'邓小平理论的形成条件有（）。','A,B,C','A.和平与发展成为时代主题|@|B.社会主义建设的经验教训|@|C.改革开放和现代化建设的实践|@|D.二战之后的国际局势|@|E.新中国的成立','B','1','第五章'),(383,NULL,'邓小平南方谈话在一系列重大的理论和实践问题上，提出了一系列重要论断，如（）。','A,B,C,D,E','A.社会主义本质是解放生产力，发展生产力，消灭剥削，消除两极分化，最终达到共同富裕|@|B.“三个有利于”标准|@|C.社会主义可以搞市场经济|@|D.革命是解放生产力，改革也是解放生产力|@|E．不坚持社会主义，不改革开放，不发展经济，不改善人民生活，就没有岀路','B','1','第五章'),(384,NULL,'党的十四大报告系统阐释了中国特色社会主义理论的历史地位和指导意义，认为：这一理论（）。','A,B,C,D','A.是马克思列宁主义基本原理与当代中国实际和时代特征相结合的产物|@|B.是毛泽东思想的继承和发展|@|C.是全党全国人民集体智慧的结晶|@|D.是中国共产党和中国人民最可珍贵的精神财富|@|E.是党和国家只在当前要坚持的指导思想','B','1','第五章'),(385,NULL,'“什么是社会主义，怎样建设社会主义”，是（）。','A,C,D','A.社会主义的根本问题|@|B.党的思想路线问题|@|C.社会主义首要的基本理论问题|@|D.邓小平理论的主题|@|E.邓小平理论的精髓','B','1','第五章'),(386,NULL,'我国社会主义初级阶段的含义是（）。','A,C','A.我国社会已经是社会主义社会|@|B.任何国家进入社会主义都会经历的起始阶段|@|C.我国的社会主义社会还处在初级阶段|@|D.多种经济成分并存的过渡时期|@|E.我们的社会主义并不是马克思讲的社会主义','B','1','第五章'),(387,NULL,'社会主义初级阶段要求我们（）。','A,C,D','A.坚持而不能离开社会主义|@|B.可以先离开社会主义，发展一段资本主义|@|C.从初级阶段实际出发，不能超越阶段|@|D.既积极发展，又防止急躁情绪|@|E.尽快纯化社会主义生产关系','B','1','第五章'),(388,NULL,'20.社会主义初级阶段是我国建设社会主义不可逾越的一个历史阶段，（）。','B,E','A.它是社会主义社会必须经历的起始阶段|@|B.它反映了我国建设社会主义的特殊性|@|C.它是由我国生产力发展水平仍远远落后于发达的资本主义国家所决定的|@|D.它的战略目标是摆脱贫困，解决温饱，实现小康|@|E.它是一个很长的历史阶段，需要几代人、十几代人，甚至几十代人坚持不懈地努力奋斗','B','1','第五章'),(389,NULL,'社会主义初级阶段理论基于对中国国情的准确把握，（）。','A,B,E','A.揭示了当代中国的历史方位|@|B.是建设中国特色社会主义的总依据|@|C.是中国共产党执政的升华|@|D.是邓小平理论的活的灵魂|@|E.是对马克思主义关于社会主义发展阶段理论的重大发展和重大突破','B','1','第五章'),(390,NULL,'党在社会主义初级阶段基本路线的内容，包含（）。','A,B,C,E','A. 以经济建设为中心|@|B.坚持四项基本原则|@|C.坚持改革开放|@|D.坚持依法治国|@|E.自力更生，艰苦创业','B','1','第五章'),(391,NULL,'党在社会主义初级阶段的基本路线阐明了（）','A,B,C,D,E','A.中国共产党是领导和团结全国各族人民的核心力量|@|B.全国各族人民是贯彻党的基本路线的主体|@|C.我们的社会主义现代化建设必须坚持“一个中心、两个基本点”|@|D.社会主义现代化建设必须贯彻自力更生、艰苦创业的方针|@|E.我们的奋斗目标是把我国建设成为富强、民主、文明、和谐的社会主义现代化国家','B','1','第五章'),(392,NULL,'我国的改革是（）。','A,B,C,E','A.社会主义社会发展的直接动力|@|B.中国的第二次革命|@|C.社会主义制度的自我完善|@|D.对原有经济体制的调整|@|E.对原有的不利于生产力发展的体制进行根本性变革','B','1','第五章'),(393,NULL,'社会主义市场经济体制的特征是（）。','A,B,C','A.以公有制为主体，多种所有制经济共同发展的所有制结构|@|B.以按劳分配为主体，多种分配方式并存的分配结构|@|C.宏观调控上，能更好地发挥计划和市场两种手段的长处|@|D.政府不直接干预企业的生产和经营|@|E.所有企业都是国营','B','1','第五章'),(394,NULL,'“资本主义有计划，社会主义有市场”这个论断说明（）。','A,B,D,E','A.市场经济只是一种资源配置手段|@|B.社会主义也可以搞市场经济|@|C.社会主义以计划调节为主，市场调节为辅；资本主义以市场调节为主，计划调节为辅|@|D.市场不是划分社会制度的基本标志|@|E.计划不是划分社会制度的基本标志','B','1','第五章'),(395,NULL,'关于邓小平理论，下列论述正确的是（）。','A,B,C,D,E','A.是马克思列宁主义基本原理与当代中国实际和时代特征相结合的产物|@|B.是马克思列宁主义、毛泽东思想的继承和发展|@|C.是全党全国人民集体智慧的结晶|@|D.是邓小平留给我们的最重要的思想遗产|@|E.开拓了马克思主义的新境界','B','1','第五章'),(396,NULL,'在社会主义条件下发展市场经济，（）。','A,B,C,D,E','A.实现了改革开放新的历史性突破|@|B.打开了我国政治、经济和文化发展的崭新局面|@|C.是前尤古人的伟大创举|@|D.是中国共产党人对马克思主义发展作出的历史性贡献|@|E.具有特殊重要的意义','B','1','第六章'),(397,NULL,'建立社会主义市场经济体制，必须（）。','B,E','A.毫不动摇地壮大国有经济|@|B.毫不动摇地巩固和发展公苻制经济|@|C.毫不动摇地限制非公有制经济|@|D.毫不动摇地壮大集体经济|@|E.毫不动摇地鼓励、支持和引导非公有制经济发展','B','1','第六章'),(398,NULL,'江泽民强调推进党的建设新的伟大工程，重点是加强党的执政能力建设，不断提高（）。','A,B,C,D,E','A. 科学判断形势的能力|@|B.驾驭市场经济的能力|@|C.应对复杂局面的能力|@|D.依法行政的能力|@|E.总揽全局的能力','B','1','第六章'),(399,NULL,'“三个代表”重要思想揭示了中国特色社会主义是社会主义（）的有机统一。','A,C,D','A. 物质文明|@|B. 社会文明|@|C.政治文明|@|D.精神文明|@|E.生态文明','B','1','第六章'),(400,NULL,'“三个代表”重要思想提出我们党要按照（）的原则，进一步加强和完善党的领导体制。','B,E','A. 实事求是|@|B. 总揽全局|@|C.与时俱进|@|D.解放思想|@|E.协调各方','B','1','第六章'),(401,NULL,'“三个代表”重要思想说明了只有具备（），社会主义制度的自我完善和发展才能够实现。','A,D,E','A. 雄厚的物质基础|@|B.强大的政治保障|@|C.一定的经济实力|@|D.强大的文化支撑|@|E.广泛的群众基础','B','1','第六章'),(402,NULL,'进入新世纪新阶段，我国经济社会发展呈现一系列新的阶段性特征，以下不属于这些特征的是（）。','C,E','A.经济实力显著增强|@|B.社会主义市场经济体制初步建立|@|C.人民生活总体上达到富裕水平|@|D.社会主义民主政治不断发展|@|E.农村发展滞后的局面已经改变','B','1','第七章'),(403,NULL,'社会主义文化更加繁荣，同时人民精神文化需求日趋旺盛，人们思想活动的（）明显增强。','B,C,D,E','A. 创新性|@|B. 独立性|@|C.选择性|@|D.多变性|@|E.差异性','B','1','第七章'),(404,NULL,'推动（）增长成为各国共同关注的重大问题，各主要国家纷纷反思和调整发展方式、发展战略。','A,B,C','A. 强劲|@|B. 可持续|@|C.平衡|@|D.快速|@|E.急速','B','1','第七章'),(405,NULL,'科学发展观在（）的过程中逐步形成。','D,E','A. 抗震救灾|@|B.探索完善社会主义政治体制|@|C.探索完善社会主义文化|@|D.抗击非典疫情|@|E.探索完善社会主义市场经济体制','B','1','第七章'),(406,NULL,'进入新世纪新阶段，我国进入（），经济社会发展呈现一系列新的阶段性特征。','A,C,E','A. 发展关键期|@|B. 发展特殊期|@|C.改革攻坚期|@|D.矛盾缓和期|@|E.矛盾凸显期','B','1','第七章'),(407,NULL,'胡锦涛指出，我们之所以把全面协调可持续作为科学发展观的基本要求来强调，是因为（）等问题更加突岀地摆在了我们面前。','A,B,C','A.城乡区域发展不平衡|@|B.经济社会发展不协调|@|C.经济发展与人口资源环境不适应|@|D.物质技术条件不雄厚|@|E.投资与消费不协调','B','1','第七章'),(408,NULL,'坚持协调发展，要保证中国特色社会主义各个领域协调推进。要协调好消费与投资、供给与需求发展的（）。','B,C,D,E','A. 水平|@|B. 速度|@|C.结构|@|D.质量|@|E.效益','B','1','第七章'),(409,NULL,'坚持文明发展道路，就要在经济社会发展过程中，把（）有机统一起来。','B,C,D','A. 加快政治建设|@|B.推进生产发展|@|C.实现生活富裕|@|D.保持生态良好|@|E.推动文化进步','B','1','第七章'),(410,NULL,'科学发展观是马克思主义关于发展的（）的集中体现。','D,E','A. 人生观|@|B. 价值观|@|C.历史观|@|D.世界观|@|E.方法论','B','1','第七章'),(411,NULL,'科学发展观以满足人民群众不断增长的（）需要为发展的根本出发点和落脚点。','A,C','A. 物质|@|B. 精神|@|C.文化|@|D.生活|@|E.社会','B','1','第七章'),(412,NULL,'科学发展观体现了历史唯物主义关于（）的观点。','B,C','A. 人的自由发展|@|B.人民是历史发展主体|@|C.人的全面发展|@|D.领导者是历史发展主体|@|E.人的自由全面发展','B','1','第七章'),(413,NULL,'科学发展观在（）和发展要求等方面提出了一系列新的思想观点，初步形成了马克思主义关于社会主义发展的系统理论。','A,B,C,D,E','A. 发展道路|@|B. 发展模式|@|C.发展战略|@|D.发展动力|@|E.发展目的','B','1','第七章'),(414,NULL,'科学发展观同邓小平理论、“三个代表”重要思想在（）上一以贯之。','A,B,C,D','A. 理论主题|@|B. 思想基础|@|C.政治理想|@|D.根本立场|@|E.时代主题','B','1','第七章'),(415,NULL,'党的十九大明确指出，我国社会主要矛盾已经转化为人民日益增长的美好生活需要和不平衡不充分的发展之间的矛盾。主要依据有（）。','A,B,C,D,E','A.我国社会生产力水平总体上显著提高，很多方面进入世界前列|@|B.“落后的社会生产”已经发生了新的阶段性变化|@|C.人民生活水平显著提高，对美好生活的向往更加强烈|@|D.人民群众对于日益增长的“物质文化需要”出现了阶段性的新特征|@|E.影响满足人们美好生活需要的因素主要是发展的不平衡不充分问题','B','1','第八章'),(416,NULL,'人民群众对于日益增长的“物质文化需要”层次更高、内容范围更广，出现了阶段性的新特征，体现在（）。','A,B,C,D,E','A.更好的教育、更稳定的工作|@|B.更满意的收入、更可靠的生活保障|@|C.更高水平的医疗卫生服务、更舒适的居住条件|@|D.更优美的环境、更丰富的精神文化生活|@|E.人民群众的民主意识、公平意识、法治意识、参与意识、监督意识、维权意识在不断增强','B','1','第八章'),(417,NULL,'关于新时代社会主要矛盾的变化，下列论述正确的是（）。','A,B,C','A.没有改变我们对我国社会主义所处历史阶段的判断|@|B.我国仍处于并将长期处于社会主义初级阶段的基本国情没有变|@|C.我国是世界上最大发展中国家的国际地位没有变|@|D.我们已经是发达国家|@|E.我们已摆脱社会主义初级阶段','B','1','第八章'),(418,NULL,'中国特色社会主义进入了新时代，其内涵是（）。','A,B,C,D,E','A.这个新时代是承前启后，继往开来，在新的历史条件下继续夺取中国特色社会主义伟大胜利的时代|@|B.这个新时代是决胜全面建成小康社会、进而全面建设社会主义现代化强国的时代|@|C.这个新时代是全国各族人民团结奋斗、不断创造美好生活、逐步实现全体人民共同富裕的时代|@|D.这个新时代是全体中华儿女勠力同心、奋力实现中华民族伟大复兴中国梦的时代|@|E.这个新时代是我国日益走近世界舞台中央、不断为人类作出更大贡献的时代','B','1','第八章'),(419,NULL,'中国特色社会主义进入新时代，在中华人民共和国发展史上、中华民族发展史上具有重大意义，对此下列说法正确的是（）。','A,B,C','A.中华民族迎来了实现中华民族伟大复兴的光明前景|@|B.意味着科学社会主义在21世纪的中国焕发出强大的生机和活力|@|C.为解决人类问题贡献了中国智慧和中国方案|@|D.新时代的中国还没有能力为人类繁荣与进步作出新的更大贡献|@|E.20世纪末，苏东剧变使世界社会主义运动遭受曲折，此为历史的终结','B','1','第八章'),(420,NULL,'关于中国特色社会主义，下列论述正确的是（）。','A,B,C,D,E','A.习近平从理论渊源、历史根据、本质特征、独特优势、强大生命力等多方位多角度对坚持和发展什么样的中国特色社会主义作出了深刻回答|@|B.中国特色社会主义是既坚持科学社会主义基本原则，又具有鲜明实践特色、理论特色、民族特色，时代特色的社会主义|@|C.是中国特色社会主义道路、理论、制度、文化四位一体的社会主义|@|D.是统揽伟大斗争、伟大工程、伟大事业、伟大梦想的社会主义|@|E.是根植于中国大地、反映中国人民意愿、适应中国和时代发展进步要求的社会主义','B','1','第八章'),(421,NULL,'对于习近平新时代中国特色社会主义思想的内容，下列理解正确的是（）,','A,C,D,E','A.“八个明确”点明了习近平新时代中国特色社会主义思想的主要内容|@|B.“十四个坚持”点明了习近平新时代中国特色社会主义思想的主要内容|@|C.思想内涵十分丰富|@|D.涵盖了从经济、政治、法治到党的建设等各方面|@|E.最重要、最核心的内容就是“八个明确”','B','1','第八章'),(422,NULL,'关于坚持和发展中国特色社会主义的基本方略，下列论述正确的是（）。','A,B','A.回答了新时代怎样坚持和发展中国特色社会主义的问题|@|B.党的十九大概括为“十四个坚持”|@|C.党的十九大概括为“五位一体”|@|D.党的十九大概括为“四个全面”|@|E.党的十九大概括为“八个明确”','B','1','第八章'),(423,NULL,'下列选项中，属于“十四个坚持”的有（）。','A,B,C,D,E','A.坚持党对一切工作的领导|@|B.坚持以人民为中心|@|C.坚持全面深化改革|@|D.坚持在发展中保障和改善民生|@|E.坚持人与自然和谐共生','B','1','第八章'),(424,NULL,'下列选项中，属于“十四个坚持”的有（）。','A,B,C,D,E','A.坚持全面依法治国|@|B.坚持社会主义核心价值体系|@|C.坚持佥面深化改革|@|D.坚持在发展中保障和改善民生|@|E.坚持人与自然和谐共生','B','1','第八章'),(425,NULL,'下列选项中，属于“十四个坚持”的有（）。','A,B,C,D,E','A.坚持人与自然和谐共生|@|B.坚持总体国家安全观|@|C.坚持党对人民军队的绝对领导|@|D.坚持“一国两制”和推进祖国统一|@|E.坚持推动构建人类命运共同体','B','1','第八章'),(426,NULL,'习近平新时代中国特色社会主义思想的历史地位体现在（）','A,B,C','A.是马克思主义中国化最新成果|@|B.是新时代的精神旗帜|@|C.是实现中华民族伟大复兴的行动指南|@|D.是中国特色社会主义理论体系的接续发展|@|E.是中国特色社会主义理论体系的开篇之作','B','1','第八章'),(427,NULL,'习近平引用三句诗，生动诠释了近代100多年来中国人民寻梦、追梦、圆梦的历史进程，这三句诗是（）。','A,B,E','A. 雄关漫道真如铁|@|B.乘风破浪会有时|@|C.一万年太久，只争朝夕|@|D.数风流人物，还看今朝|@|E.人间正道是沧桑','B','1','第九章'),(428,NULL,'实现中华民族伟大复兴的中国梦这一重大战略思想（）。','A,B,C,D','A.是以习近平同志为核心的党中央对全体人民的庄严承诺|@|B.是党和国家面向未来的政治宣言|@|C.充分体现了我们党高度的历史担当和使命追求|@|D.为坚持和发展中国特色社会主义注入了崭新内涵|@|E.和美国梦相同','B','1','第九章'),(429,NULL,'中国梦的本质是（）。','A,B,C','A. 国家富强|@|B. 民族振兴|@|C.人民幸福|@|D.国家统一|@|E.超英赶美','B','1','第九章'),(430,NULL,'关于中国梦，下列论述正确的是（）。','A,B,C,D,E','A.中国梦是国家情怀、民族情怀、人民情怀相统一的梦|@|B.中国梦归根到底是人民的梦|@|C.中国梦是国家的梦、民族的梦，也是每一个中国人的梦|@|D.中国梦与世界各国人民的美好梦想相通|@|E.中国梦的深厚源泉在于人民，中国梦的根本归宿也在于人民','B','1','第九章'),(431,NULL,'习近平指出：“实现中国梦必须（）。”这为我们党团结带领人民继续把中国特色社会主义事业推向前进，为实现中华民族伟大复兴的中国梦而努力奋斗指明了方向。','A,B,C','A. 走中国道路|@|B. 弘扬中国精神|@|C.凝聚中国力量|@|D.实干兴邦|@|E.撸起袖子加油干','B','1','第九章'),(432,NULL,'关于中国道路，下列说法正确的是（）.','A,B,C,D,E','A.中国道路，这就是中国特色社会主义道路|@|B.无论是封闭僵化的老路，还是改旗易帜的邪路，都是绝路、死路|@|C.只有中国特色社会主义道路才能发展中国、稳定中国|@|D.我们能够继续拓展和走好适合中国国情的发展道路|@|E.要增强对中国特色社会主义的道路自信、理论自信、制度a信，坚定不移沿着正确的中国道路奋勇前进','B','1','第九章'),(433,NULL,'关于中国精神，下列说法正确的是（）。','A,B,C,D,E','A.中国精神，这就是以爱国主义为核心的民族精神和以改革创新为核心的时代精神|@|B.实现中国梦这一伟大的梦想，需要中国精神这一伟大的精神作支撑|@|C.实现中国梦，要求我们不仅在物质上强大起来，而且在精神上强大起来|@|D.以爱国主义为核心的民族精神和以改革创新为核心的时代精神，是凝心聚力的兴国之魂、强国之魂|@|E.爱国主义是中华民族的精神基因；改革创新体现了中华民族最深沉的民族禀赋','B','1','第九章'),(434,NULL,'关于中国梦，下列说法正确的是（）。','B,C,D,E','A.胡锦涛指出：“实现中国梦必须走中国道路、弘扬中国精神、凝聚中国力量。”|@|B.实现中国梦必须走中国道路，这就是中国特色社会主义道路|@|C.实现中国梦必须弘扬中国精神，这就是以爱国主义为核心的民族精神和以改革创新为核心的时代精神|@|D.实现中国梦必须凝聚中国力量，这就是全国各族人民大团结的力量|@|E.实现中华民族伟大复兴是海内外中华儿女的共同梦想','B','1','第九章'),(435,NULL,'我国“三步走”发展战略中直接体现人民生活水平的目标有（）。','A,B,C','A. 解决温饱|@|B.实现小康|@|C.达到比较富裕|@|D.基本实现现代化|@|E.达到中等发达国家水平','B','1','第九章'),(436,NULL,'2002年我国人民达到的总体小康具有的特点是（）。','A,C,E','A. 低水平的|@|B. 较高水平的|@|C.不全面的|@|D.较全面的|@|E.发展很不平衡的','B','1','第九章'),(437,NULL,'下列关于开启全面建设社会主义现代化强国新征程的说法，正确的有（）。','A,B,D,E','A.这个新征程要在全面建成小康社会的基础上开启|@|B.这个新征程关系到第二个百年奋斗目标的实现|@|C.党的十八大提岀这个新征程分两个阶段进行|@|D.这个新征程的第一阶段目标是基本实现社会主义现代化|@|E.这个新征程的第二阶段目标是建成社会主义现代化强国','B','1','第九章'),(438,NULL,'按照党的十九大报告提出的“两个阶段”的战略安排，到2035年我国在政治建设方面，将会实现的目标有（）。','A,B,C,D,E','A.法治国家、法治政府、法治社会基本建成|@|B.党的领导、人民当家作主、依法治国达到高度有机统一|@|C.民主选举、民主协商、民主决策、民主管理、民主监督得到有效落实|@|D.政府公信力和执行力大为增强，人民满意的服务型政府基本|@|E.依法治国得到全面落实，科学立法、严格执法、公正司法、全民守法的局面基本形成','B','1','第九章'),(439,NULL,'党的十九大报告提出，到2035年在民生和社会建设方面，我国要实现（）的美好愿景。','A,B,C,D,E','A. 幼有所育、学有所教|@|B.劳有所得、病有所医|@|C.老有所养|@|D.住有所居|@|E.弱有所扶','B','1','第九章'),(440,NULL,'依法治国全面落实，就是要形成（）的局面。','A,B,C,D','A. 科学立法|@|B. 严格执法|@|C.公正司法|@|D.全民守法|@|E.协商民主','B','1','第九章'),(441,NULL,'目前我国对社会主义现代化强国的目标定位是（）。','A,B,C,D,E','A. 富强|@|B. 民主|@|C.文明|@|D.和谐|@|E.美丽','B','1','第九章'),(442,NULL,'中国特色社会主义是全面发展的社会主义。它在事业建设上把（）作为一个有机整体来全面推进。','A,B,C,D,E','A. 经济建设|@|B. 政治建设|@|C.文化建设|@|D.社会建设|@|E.生态文明建设','B','1','第十章'),(443,NULL,'实现人民当家作主，就要巩固基层政权，完善基层民主制度，保障人民的()。','B,C,D,E','A. 决策权|@|B. 知情权|@|C.参与权|@|D.表达权|@|E.监督权','B','1','第十章'),(444,NULL,'走中国特色社会主义政治发展道路，必须坚持正确的政治方向。做到这一点，要反对()。','A,B,C,D','A.照抄照搬他国的政治制度|@|B.放弃中国政治制度的根本|@|C.割断历史|@|D.想象突然就搬来一座政治制度上的“飞来峰”|@|E.借鉴国外政治文明有益成果','B','1','第十章'),(445,NULL,'关于党的领导、人民当家作主、依法治国三者之间的关系，表述正确的有()。','A,B,C,E','A.党的领导是人民当家作主和依法治国的根本保证|@|B.人民当家作主是社会主义民主政治的本质特征|@|C.依法治国是党领导人民治理国家的基本方式|@|D.三者之间相互独立，互不牵连|@|E.三者有机统一于我国社会主义民主政治的伟大实践','B','1','第十章'),(446,NULL,'我国健全人民当家作主制度体系，主要包括（）。','A,B,C,D','A.人民代表大会制度|@|B.中国共产党领导的多党合作和政治协商制度|@|C.民族区域自治制度|@|D.基层群众自治制度|@|E.家庭联产承包责任制','B','1','第十章'),(447,NULL,'当前，我国处理好民族问题、做好民族工作，必须（）。','A,B,C,D,E','A.坚持中国共产党的领导|@|B.坚持维护祖国统一|@|C.坚持各民族一律平等|@|D.坚持和完善民族区域自治制度|@|E.积极培养中华民族共同体意识','B','1','第十章'),(448,NULL,'下列关于“一国两制”的说法中，正确的有（）。','A,B,C,D,E','A.“一国”是根，根深才能叶茂；“一国”是本，本固才能枝荣|@|B.国家主体坚持实行社会主义制度，是香港、澳门实行资本主义制度，保持繁荣稳定的前提和保障|@|C.香港、澳门依照基本法实行“港人治港”、“澳人治澳”、高度自治，必须充分尊重国家主体实行的社会主义制度|@|D.必须牢固树立“一国”意识，坚守“一国”原则，正确处理特别行政区和中央的关系|@|E.任何危害国家主权安全，挑战中央权力和特别行政区基本法权威，利用香港、澳门对内地进行渗透破坏的活动，都是对底线的触碰，都是绝不能允许的','B','1','第十章'),(449,NULL,'与时俱进地坚持和发展马克思主义，必须推进马克思主义（）。','A,B,C','A. 中国化|@|B. 时代化|@|C. 大众化|@|D. 虚无化|@|E. 时尚化','B','1','第十章'),(450,NULL,'下列关于核心价值观的认识，正确的是（）。','B,C,D','A.即使没有共同的核心价值观，一个民族、一个国家的发展也一点不受影响|@|B.核心价值观是一个民族赖以维系的精神纽带|@|C.核心价值观是一个国家共同的思想道德基础|@|D.核心价值观是一个国家的重要稳定器|@|E.能否构建具有强大感召力的核心价值观，对于社会和谐稳定和国家长治久安并不重要','B','1','第十章'),(451,NULL,'社会主义核心价值体系在内容上由（）构成。','A,B,C,D,E','A.社会主义荣辱观|@|B.马克思主义指导思想|@|C.中国特色社会主义共同理想|@|D.以爱国主义为核心的民族精神|@|E.以改革创新为核心的时代精神','B','1','第十章'),(452,NULL,'关于社会主义核心价值观和社会主义核心价值体系，下列说法正确的有（）。','A,B,C,D,E','A.社会主义核心价值观是在社会主义核心价值体系基础上提出来的|@|B.社会主义核心价值观是社会主义核心价值体系的内核凝练和集中表达|@|C.社会主义核心价值观和社会主义核心价值体系具有方向一致性，都体现了社会主义意识形态的本质要求|@|D.社会主义核心价值观和社会主义核心价值体系各有侧重，社会主义核心价值观更加突出核心要素|@|E.社会主义核心价值观体现着社会主义核心价值体系的根本性质和基本特征','B','1','第十章'),(453,NULL,'习近平在十三届全国人大一次会议上，把中国人民在长期奋斗中培育、继承、发展起来的伟大民族精神，概括为四种精神，即（）。','A,B,C,D','A. 伟大创造精神|@|B. 伟大奋斗精神|@|C. 伟大团结精神|@|D. 伟大梦想精神|@|E. 伟大革命精神','B','1','第十章'),(454,NULL,'文化强国是指一个国家具有强大的文化力量。这种力量表现为（）。','B,C,D','A.具有悠久的历史文化|@|B.具有高度文化素养的国民|@|C.具有发达的文化产业|@|D.具有强大的文化软实力|@|E.具有强大的社会动员力','B','1','第十章'),(455,NULL,'总体国家安全观是指（）。','A,B,C,D,E','A. 坚持国家利益至上|@|B.以人民安全为宗旨|@|C.以政治安全为根本|@|D.以经济安全为基础|@|E.以军事、文化、社会安全为保障','B','1','第十章'),(456,NULL,'建设生态文明是一场涉及（）的革命性变革。','A,B,C,D','A. 生产方式|@|B. 生活方式|@|C. 思维方式|@|D. 价值观念|@|E. 改革开放','B','1','第十章'),(457,NULL,'全面小康意味着（）、人民生活更加殷实。','A,B,C,D,E','A. 经济更加发展|@|B. 民主更加健全|@|C.科教更加进步|@|D.文化更加繁荣|@|E.社会更加和谐','B','1','第十一章'),(458,NULL,'中国梦和社会主义核心价值观更加深入人心，（）思想广泛弘扬。','B,C,D','A. 法治思想|@|B. 爱国主义|@|C.集体主义|@|D.社会主义|@|E.个人主义','B','1','第十一章'),(459,NULL,'坚持稳中求进工作总基调，深化供给侧结构性改革，促进“三去一降一补”。“三去一降一补”指（）。','A,B,C,D,E','A. 去产能|@|B. 去库存|@|C.去杠杆|@|D.降成本|@|E.补短板','B','1','第十一章'),(460,NULL,'党是改革的（），改革能否顺利推进，关键取决于党的领导。','A,D,E','A. 倡导者|@|B. 先锋队|@|C.接班人|@|D.推动者|@|E.领导者','B','1','第十一章'),(461,NULL,'我们讲促进社会公平正义，是从（）出发的。','A,B,C,D','A. 社会发展水平的角度|@|B.最广大人民根本利益|@|C.社会大局的角度|@|D.全体人民的角度|@|E.实事求是','B','1','第十一章'),(462,NULL,'让改革发展成果更多更公平惠及全体人民，保证人民平等参与、平等发展权利，（）最广大人民根本利益。','C,D,E','A. 保证好|@|B. 确认好|@|C.实现好|@|D.维护好|@|E.发展好','B','1','第十一章'),(463,NULL,'治理国家，制度是起（）作用的，但没有有效的治理能力，再好的制度也难以发挥作用。','A,B,C','A. 根本性|@|B. 全局性|@|C.长远性|@|D.法治性|@|E.法理性','B','1','第十一章'),(464,NULL,'党的十八届三中全会既提出了全面深化改革的总目标，也在总目标统领下明确了（）和党的建设制度等方面深化改革的具体目标和任务。','A,B,C,D,E','A. 经济体制|@|B. 政治体制|@|C.文化体制|@|D.社会体制|@|E.生态文明体制','B','1','第十一章'),(465,NULL,'关于走“中国特色社会主义法治道路”，以下观点正确的是（）。','A,B,C,D,E','A.坚持中国共产党的领导|@|B.坚持从实际出发|@|C.坚持依法治国和以德治国相结合|@|D.坚持法律面前人人平等|@|E.坚持人民在全面依法治国中的主体地位','B','1','第十一章'),(466,NULL,'坚持人民在全面依法治国中的主体地位，把（）落实到依法治国全过程。','A,B,D,E','A. 体现人民利益|@|B. 反映人民意愿|@|C.实现科学发展|@|D.维护人民权益|@|E.增进人民福祉','B','1','第十一章'),(467,NULL,'坚持法律面前人人平等，应在（）方面体现人人平等。','A,C,D,E','A. 立法|@|B. 普法|@|C.执法|@|D.司法|@|E.守法','B','1','第十一章'),(468,NULL,'全面从严治党讲认真，就是坚持严字当头，把严的要求贯彻全过程，做到（）。','A,B,C','A. 真管真严|@|B. 敢管敢严|@|C.长管长严|@|D.有的放矢|@|E.令行禁止','B','1','第十一章'),(469,NULL,'新时代党的建设目标，集中体现了党的（）,体现了新时代共产党人的价值取向、政治定力，使命担当。','A,D,E','A. 性质|@|B. 目标|@|C.理想|@|D.宗旨|@|E.纲领','B','1','第十一章'),(470,NULL,'全面从严治党永远在路上，以下正确的说法是（）。','A,B,C,D,E','A.要加强党的思想建设|@|B.要加强党的组织建设|@|C.要持之以恒正风肃纪|@|D.要将制度建设贯穿党的各项建设之中|@|E.要深化标本兼治，夺取反腐败斗争压倒性胜利','B','1','第十一章'),(471,NULL,'将制度建设贯穿于党的各项建设之中，就是指抓（），深入推进反腐败斗争','A,B,C,D,E','A. 政治建设|@|B. 思想建设|@|C.组织建设|@|D.作风建设|@|E.纪律建设','B','1','第十一章'),(472,NULL,'党的十八大以来，习近平（），形成了习近平强军思想。','A,B,C,D,E','A.着眼坚持和发展中国特色社会主义|@|B.着眼实现中华民族伟大复兴|@|C.立足国家安全和发展战略全局|@|D.围绕强军兴军作出一系列重要论述|@|E.提出了一系列里大战略思想、重大理论观点、重大决策部署','B','1','第十二章'),(473,NULL,'党在新时代的强军目标是建设一支（）的人民军队。','A,B,D','A. 作风优良|@|B. 听党指挥|@|C.思想过硬|@|D.能打胜仗|@|E.吃苦耐劳','B','1','第十二章'),(474,NULL,'党对军队的绝对领导，必须企面贯彻党领导军队的一系列根本原则和制度，确保部队（）。','A,B,C','A. 绝对忠诚|@|B. 绝对可靠|@|C.绝对纯洁|@|D.绝对灵活|@|E.绝对执着','B','1','第十二章'),(475,NULL,'推进强军事业，必须坚持（）。','A,B,C,E','A. 依法治军|@|B. 科技兴军|@|C.改革强军|@|D.思想建军|@|E.政治建军','B','1','第十二章'),(476,NULL,'党的十八大以来，人民军队（）,在中国特色强军之路上迈出了坚定步伐，强军事业取得了历史性成就。','A,B,C,D,E','A. 重振政治纲纪|@|B. 重塑组织形态|@|C.重整斗争格局|@|D.重建建设布局|@|E.重树作风形象','B','1','第十二章'),(477,NULL,'面向新时代，我们要坚持党对人民军队的绝对领导，不断推进（），加快形成中国特色、世界一流的武装力量体系，构建中国特色现代作战体系。','B,C,D,E','A. 体系建军|@|B. 依法治军|@|C.政治建军|@|D.改革强军|@|E.科技兴军','B','1','第十二章'),(478,NULL,'构建中国特色现代军事力量体系，总体來说，就是要加快形成（）的信息化军事力量体系。','A,B,C,D','A. 精干|@|B. 联合|@|C.高效|@|D.多能|@|E.善战','B','1','第十二章'),(479,NULL,'邓小平提出坚持富国和强军相统一，要走（）的道路。','A,B,C,D','A. 以民养军|@|B. 平战结合|@|C.军民结合|@|D.军品优先|@|E.韬光养晦','B','1','第十二章'),(480,NULL,'以信息技术为核心的军事技术发展日新月异，（）等成为新型作战力量的代表。','A,B,C,D,E','A. 军事航天|@|B. 防空反导|@|C.信息攻防|@|D.战略投送|@|E.战略预警','B','1','第十二章'),(481,NULL,'加快形成军民融合深度发展格局，应（）。','A,B,C,D','A. 竖持全国一盘棋|@|B. 强化战略规划|@|C.突出重点领域|@|D.军政军民团结|@|E.打造现代化军队','B','1','第十二章'),(482,NULL,'加快形成军民融合深度发展格局，应建立推动军民融合发展的（）机制。','A,B,C,E','A. 统一领导|@|B. 军地协调|@|C.需求对接|@|D.资源共享|@|E.环境友好','B','1','第十二章'),(483,NULL,'加快形成军民融合深度发展格局，应努力形成（）相统一的工作运行体系。','C,D,E','A. 廉洁高效|@|B. 分配合理|@|C.国家主导|@|D.需求牵引|@|E.市场运作','B','1','第十二章'),(484,NULL,'加快形成军民融合深度发展格局，应努力构建（）的政策制度体系。','A,C,D','A. 系统完备|@|B. 处理及时|@|C.衔接配套|@|D.有效激励|@|E.集中髙效','B','1','第十二章'),(485,NULL,'加快形成军民融合深度发展格局，应突出重点领域，积极推进（）等领域的军民融合。','A,B,C,D,E','A. 海洋|@|B. 新能源|@|C.网络空间|@|D.生物|@|E.太空','B','1','第十二章'),(486,NULL,'进入21世纪以来，（）成为不可阻挡的时代潮流。','A,B,C,D','A. 和平|@|B. 发展|@|C.合作|@|D.共赢|@|E.创新','B','1','第十三章'),(487,NULL,'第二次世界大战结束后，世界格局的演变，先后经历了（）的曲折发展过程。','A,C,D,E','A. 两大阵营对立|@|B.全球化缓慢发展|@|C.美苏两个超级大国争霸全球|@|D.两极格局终结|@|E.多极化曲折发展','B','1','第十三章'),(488,NULL,'世界多极化进程是一个长期的、曲折的过程，是因为（）。','A,B,D,E','A.超级大国推行霸权主义和强权政治的意愿和行动不会自动放弃|@|B.反对霸权主义，维护世界和平的斗争依然艰巨|@|C.新兴市场国家和发展中国家群体性崛起|@|D.国际关系民主化的进程并不一帆风顺|@|E.各种力量的较量激烈','B','1','第十三章'),(489,NULL,'经济全球化是一把“双刃剑”，带来的一些负面影响有（）。','A,B,C,D,E','A.增多了各国和全球共同面临的社会经济问题|@|B.加剧了国际竞争|@|C.增加了国际风险|@|D.冲击国家主权|@|E.冲击了发展中国家的民族工业','B','1','第十三章'),(490,NULL,'下列关于中国独立自主的和平外交政策的说法，正确的是（）。','A,B,C,D,E','A.它是把国家主权和安全放在第一位，坚定地维护我国的国家利益的|@|B.它是从我国人民和世界人民的根本利益出发考虑问题的|@|C.它认为对于一切国际事务均根据事情本身的是非曲直决定自己的立场和政策|@|D.它坚持各国的事务应由本国政府和人民决定，世界上的事情应由各国政府和人民平等协商|@|E.它主张和平解决国际争端和热点问题','B','1','第十三章'),(491,NULL,'推动建设（）的新型国际关系，是党中央立足时代发展潮流和我国根本利益作出的战略选择，反映了中国人民和世界人民的共同心愿。','A,B,D','A. 相互尊重|@|B. 公平正义|@|C.和谐有序|@|D.共同发展|@|E.合作共赢','B','1','第十三章'),(492,NULL,'下列关于中国倡导建立的“合作共贏”的新型国际关系的说法，正确的是（）,','A,B,C,D,E','A.它是建立在维护联合国宪章的宗旨和原则基础上的|@|B.它维护不干涉别国内政和尊重国家主权、独立、领土完整等国际关系基本准则|@|C.它也维护联合国及其安理会对世界和平承担的首要责任|@|D.它是开展对话和合作，而不是对抗的|@|E.它要实现双赢和共赢，而不是单赢的','B','1','第十三章'),(493,NULL,'推动建立新型国际关系，要加强涉外法律工作，完善涉外法律法规体系，具体表现为（）。','A,B,C,D,E','A.积极参与国际规则的制定|@|B.强化涉外法律服务，维护我国公民、法人在海外及外国公民、法人在我国的正当权益|@|C.深化司法领域的国际合作，完善我国司法协助体制，扩大国际司法协助覆盖面|@|D.加强反腐败国际合作，加大海外追赃追逃、遣返引渡力度|@|E.积极参与执法安全国际合作，共同打击暴力恐怖势力、民族分裂势力、宗教极端势力和贩毒走私、跨国有组织犯罪','B','1','第十三章'),(494,NULL,'构建人类命运共同体的国际影响因素有（）。','A,B,C,D,E','A.世界格局正处在加快演变进程之中|@|B.经济全球化、社会信息化极大解放和发展了社会生产力，创造了前所未有的发展机遇|@|C.人类生活在同一个地球村，各国相互联系、相互依存、相互合作、相互促进的程度空前加深|@|D.经济全球化遭遇逆风，世界经济长期低迷，发展鸿沟日益突出|@|E.地区冲突频繁发生，恐怖主义、难民潮等全球性挑战此起彼伏，各种社会政治思潮交锋激荡','B','1','第十三章'),(495,NULL,'党在分析国内（）等因素的基础之上，提出了“构建人类命运共同体”思想。','A,B,C,D,E','A.新中国成立，特别是改革开放以来，我国发展取得重大成就|@|B.党和国家事业发生历史性变革|@|C.我国发展站到了新的历史起点上|@|D.中国特色社会主义进入了新时代|@|E.中国的治理理念和实践受到高度赞赏和广泛认同','B','1','第十三章'),(496,NULL,'构建人类命运共同体思想的核心就是“建设（）的世界。','A,B,C,D,E','A. 持久和平|@|B. 普遍安全|@|C.共同繁荣|@|D.开放包容|@|E.清洁美丽','B','1','第十三章'),(497,NULL,'构建人类命运共同体思想的意义在于（）。','A,B,C,D,E','A.顺应了历史潮流，回应了时代要求，凝聚了各国共识|@|B.为人类社会实现共同发展、持续繁荣、长治久安绘制了蓝图|@|C.反映了中外优秀文化和全人类共同的价值追求|@|D.适应了新时代中国与世界关系的历史性变化|@|E.成为中国引领时代潮流和人类文明进步方向的鲜明旗帜，已被多次写入联合国文件','B','1','第十三章'),(498,NULL,'人类命运共同体思想的科学内涵包括（）。','A,B,C,D,E','A.政治上要相互尊重、平等协商，坚决摒弃冷战思维和强权政治，走对话而不对抗、结伴而不结盟的国与国交往新路|@|B.安全上，要坚持以对话解决争端、以协商化解分歧，统筹应对传统和非传统安佥威胁，反对一切形式的恐怖主义|@|C.经济上，耍同舟共济，促进贸易和投资自由化便利化，推动经济全球化朝着史加开放、包容、普惠、平衡、共赢的方向发展|@|D.文化上，要尊重世界文明多样性，以文明交流超越文明隔阂、文明互鉴超越文明冲突、文明共存超越文明优越|@|E.生态上，要坚持环境友好，合作应对气候变化，保护好人类赖以生存的地球家园','B','1','第十三章'),(499,NULL,'下列关于共建“一带一路”的说法，正确的是（）。','A,B,C,E','A.它符合国际社会的根本利益|@|B.它彰显人类社会共同理想和美好追求|@|C.它是国际合作以及全球治理新模式的积极探索|@|D.它仅能满足中国自身发展的需要|@|E.它将为世界和平发展增添新的正能量','B','1','第十三章'),(500,NULL,'推进“一带一路”建设的原因包括（）„','A,D','A.满足中国扩大和深化对外开放的需要|@|B.符合大国利益诉求|@|C.与发展中国家的发展目标相一致|@|D.加强和亚欧非拉及世界各国互利合作的需要|@|E.加强中亚民族国家之间的交流','B','1','第十三章'),(501,NULL,'中国政府倡议.共建“一带一路”要以（）为主要内容加强合作。','A,B,C,D,E','A. 政策沟通|@|B. 设施联通|@|C.贸易畅通|@|D.资金融通|@|E.民心相通','B','1','第十三章'),(502,NULL,'之所以说“党的领导是中国特色社会主义最本质的特征”，是因为（）。','A,C,E','A.这是由科学社会主义的理论逻辑所决定的|@|B.这是马克思主义政党的基本要求|@|C.这是由中国特色社会主义产生发展的历史逻辑所决定的|@|D.这是推进伟大事业的根本保证|@|E.这是由中国特色社会主义迈向新征程的实践逻辑所决定的','B','1','第十四章'),(503,NULL,'下列关于中国特色社会主义的表述中，正确的有（）。','A,B,C,D','A.是科学社会主义基本原理向当代中国实践和时代特征相结合的产物|@|B.是植根于当代中国的科学社会主义|@|C.坚持和发展中国特色社会主义，必须坚持中国共产党的领导|@|D.只有坚持中国共产党的领导，才能保证中国特色社会主义的性质和正确方向|@|E.这是马克思主义政党的基本要求','B','1','第十四章'),(504,NULL,'下列关于中国共产党的表述中，正确的是（）。','A,B,C,D,E','A.是中国特色社会主义事业的开创者、推动者、引领者|@|B.团结带领人民开辟了中国特色社会主义道路|@|C.创立了中国特色社会主义理论体系|@|D.创建了中国特色社会主义制度|@|E.发展了中国特色社会主义文化','B','1','第十四章'),(505,NULL,'将“中国共产党的领导是中国特色社会主义最本质的特征”载入宪法的重要意义是（）。','A,B,C,E','A.以国家根本大法的形式强调了党的领导在中国特色社会主义中的核心地位|@|B.使党的领导在国家运行机制和各项制度中具有更强的制度约束力和更高的法律效力|@|C.有利于把党的领导贯彻落实到国家政治生活和社会生活的各个领域|@|D.保证了对马克思主义理论的继承和发展|@|E.确保中国特色社会主义事业始终沿着正确轨道推进','B','1','第十四章'),(506,NULL,'中国共产党把科学社会主义原则和中国实际相结合，创建了（）。','A,B,C,D,E','A.人民代表大会制度|@|B.中国共产党领导的多党合作和政治协商制度|@|C.民族区域自治制度|@|D.基层群众自治制度|@|E.中国特色社会主义法律体系','B','1','第十四章'),(507,NULL,'中国共产党在长期奋斗中形成了独特的自身优势，包括（）。','A,B,C,D,E','A.以马克思主义为指导，用马克思主义中国化最新理论成果武装全党、教育人民的理论优势|@|B.坚持民主集中制的制度优势|@|C.坚定崇高的政治理想、政治信念和百折不挠的革命意志的政治优势|@|D.遵循马克思主义建党原则，严密组织体系、严格组织生活、严明组织纪律，使党成为统一整体的组织优势|@|E.密切联系群众的优势','B','1','第十四章'),(508,NULL,'新时代中国共产党的历史使命，就是统揽（），在全面建成小康社会的基础上全面建成社会主义现代化强国，实现中华民族伟大复兴。','A,B,C,D','A. 伟大斗争|@|B. 作大事业|@|C.伟大工程|@|D.伟大梦想|@|E.伟大实践','B','1','第十四章'),(509,NULL,'下列关于“党是最高政治领导力量”的理解中，正确的是（）。','A,D,E','A.这是马克思主义政党的基本要求|@|B.这是建设新型国际关系的需要|@|C.这是深度参与全球治理的需要|@|D.这是对党领导革命、建设和改革历史经验的深刻总结|@|E.这是推进伟大事业的根本保证','B','1','第十四章'),(510,NULL,'确保党始终总揽全局、协调各方，必须（）。','A,B,C,D','A.增强政治意识、大局意识、核心意识、看齐意识|@|B.自觉维护党中央权威和集中统一领导，自觉在思想上政治上行动上同党中央保持高度一致|@|C.竖持和完善党的领导的体制机制|@|D.坚持党的民主集中制原则|@|E.加强调查研究，坚持问题导向，精准施策发力，确保中央决策部署落地生根、幵花结果','B','1','第十四章'),(511,NULL,'在科学制定和坚决执行党的路线方针政策，把党总揽全局、协调各方落到实处时，必须要坚持（）。','A,B,C,D,E','A. 战略思维|@|B. 创新思维|@|C.辩证思维|@|D.法治思维|@|E.底线思维','B','1','第十四章'),(512,NULL,'党要增强改革创新的本领，就要（）。','C,D,E','A.加强和改善党对国家政权机关的领导，善于通过国家政权机关实施党对国家和社会的领导|@|B.营造善于学习、勇于实践的浓厚氛围，建设马克思主义学习型政党，推动建设学习大国|@|C.善于运用互联网技术和信息化手段开展工作|@|D.保持锐意进取的精神风貌，进一步解放思想、与时俱进|@|E.加强调査研究，坚持问题导向，精准施策发力，确保中央决策部署落地生根、开花结果','B','1','第十四章'),(513,NULL,'党要增强群众工作的本领，就要（）。','A,C','A.创新群众工作体制机制和方式方法，把党的主张变为群众的自觉行动|@|B.坚持战略思维、创新思维、辩证思维、法治思维、底线思维，科学制定和坚决执行党的路线方针政策|@|C.加强和改进党对群团工作的领导，推动工会、共青团、妇联等群团组织的纽带作用|@|D.加强和改善党对国家政权机关的领导|@|E.坚定不移贯彻创新、协调、绿色、开放、共享的发展理念','B','1','第十四章'),(514,NULL,'全面增强党的执政本领，必须（）。','A,B,C,D,E','A. 增强学习本领|@|B.增强群众工作本领|@|C.增强驾驭风险本领|@|D.增强改革创新本领|@|E.增强政治领导本领','B','1','第十四章'),(515,NULL,'从毛泽东思想形成起，中国共产党就努力探索马克思主义同中国革命实际的结合，并取得了初步成果。（）','错误',NULL,'C','1','第一章'),(516,NULL,'毛泽东思想和中国特色社会主义理论体系，都是中国化的马克思主义。（）','正确',NULL,'C','1','第一章'),(517,NULL,'以毛泽东为主要代表的中国共产党人，胸怀远大理想，脚踏中国大地，开马克思主义中国化之先河，让沉睡百年的“东方睡狮”强起来。（）','错误',NULL,'C','1','第一章'),(518,NULL,'邓小平理论作为马克思主义中国化的第一个重大理论成果，至今依然闪耀着真理光芒。（）','错误',NULL,'C','1','第一章'),(519,NULL,'十月革命的胜利开辟了世界无产阶级社会主义革命的新时代。（）','正确',NULL,'C','1','第一章'),(520,NULL,'俄国十月革命，为中国送来了马克思列宁主义，帮助中国的先进分子用人类共间的世界观作为观察国家命运的工具。（）','错误',NULL,'C','1','第一章'),(521,NULL,'中国共产党成立之后，为中国人民谋幸福，为中华民族谋复兴，经历了千辛万苦的奋斗历程，有成功的宝贵经验，也有失败的惨痛教训。（）','正确',NULL,'C','1','第一章'),(522,NULL,'毛泽东思想是对中国革命和建设中的经验教训进行深刻总结而形成的理论成果。（）','正确',NULL,'C','1','第一章'),(523,NULL,'没有中国革命和建设的丰富实践，没有对中国革命和建设经验的深刻总结，就不可能有毛泽东思想。（）','正确',NULL,'C','1','第一章'),(524,NULL,'遵义会议以后，毛泽东思想得到多方面展开而趋于成熟。（）','正确',NULL,'C','1','第一章'),(525,NULL,'解放战争时期和新中国成立以后，是毛泽东思想的继续发展时期。（）','正确',NULL,'C','1','第一章'),(526,NULL,'以邓小平为主要代表的中国共产党人先后提出人民民主专政理论、社会主义改造理论、关于严格区分和正确处理两类矛盾的学说特别是正确处理人民内部矛盾的理论。（）','错误',NULL,'C','1','第一章'),(527,NULL,'1945年党的七大，是毛泽东思想进一步丰富和发展的重要里程碑。（）','错误',NULL,'C','1','第一章'),(528,NULL,'无产阶级领导的统一战线要争取城市小资产阶级参加，并且在面对外敌侵略的特殊条件下可以把一部分民族资产阶级也包括在内，以求最大限度地孤立最主要的敌人。（）','错误',NULL,'C','1','第一章'),(529,NULL,'党自身的建设，是中国共产党在中国革命中战胜敌人的三个主要法宝之一。（）','正确',NULL,'C','1','第一章'),(530,NULL,'新民主主义社会理论，是反映新民主主义革命客观规律的完备的理论形态。（）','错误',NULL,'C','1','第一章'),(531,NULL,'对人民内部的民主和对敌人的专政互相结合起来就是人民民主专政。（）','正确',NULL,'C','1','第一章'),(532,NULL,'毛泽东人民民主专政的理论，丰富了马克思列宁主义关于无产阶级专政的学说。（）','正确',NULL,'C','1','第一章'),(533,NULL,'毛泽东论述了要随着敌我力量对比的变化和战争发展的进程，正确地实行军事战术的转变。（）','错误',NULL,'C','1','第一章'),(534,NULL,'党员不但要在思想上人党，而且要在组织上人党，经常注意以无产阶级思想改造和克服各种非无产阶级思想。（）','错误',NULL,'C','1','第一章'),(535,NULL,'“实事求是”这一成语在中国共产党人看来，只是对求实治学态度和方法的赞扬。（）','错误',NULL,'C','1','第一章'),(536,NULL,'坚持实事求是，就要不断推进实践基础上的理论创新。（）','正确',NULL,'C','1','第一章'),(537,NULL,'历史反复证明，人民群众是历史发展和社会进步的主体力量。（）','正确',NULL,'C','1','第一章'),(538,NULL,'检验党的一切工作的成效，最终要以最广大人民的根本利益为最高标准。（）','正确',NULL,'C','1','第一章'),(539,NULL,'独立自主的探索和实践精神，坚持走自己的路的坚定信心和决心，是我们党全部理论和实践的出发点和归宿。（）','错误',NULL,'C','1','第一章'),(540,NULL,'毛泽东思想为中国特色社会主义理论体系的形成奠定了理论基础。（）','正确',NULL,'C','1','第一章'),(541,NULL,'毛泽东思想是被实践证明了的关于中国革命和建设的理论原则和经验总结。（）','错误',NULL,'C','1','第一章'),(542,NULL,'毛泽东思想的科学价值，因我们今天面临的形势和任务有很大的不同，而有所减弱和降低。（）','错误',NULL,'C','1','第一章'),(543,NULL,'就毛泽东的一生来看，他的功绩远远大于他的过失。他的功绩是第一位的，错误是第二位的。（）','正确',NULL,'C','1','第一章'),(544,NULL,'毛泽东思想，就是毛泽东同志的思想。()','错误',NULL,'C','1','第一章'),(545,NULL,'半殖民地半封建社会，既不同于封建社会，也有别于资本主义社会，蕴含着特殊的社会矛盾和革命要求（）','正确',NULL,'C','1','第二章'),(546,NULL,'近代中国，民族资本主义的发展虽然受到多重压迫，但它还是在整个社会经济中占据了主导地位。（）','错误',NULL,'C','1','第二章'),(547,NULL,'中国社会的半殖民地半封建化，是随着帝国主义发动侵略战争和迫使清政府签订一系列不平等条约而逐步形成的。（）','正确',NULL,'C','1','第二章'),(548,NULL,'从鸦片战争到辛亥革命期间，中国人民在不同时期和不同程度上进行的反帝反封建的斗争，属于旧民主主义革命的范畴。（）','正确',NULL,'C','1','第二章'),(549,NULL,'中国共产党的成立，意昧着旧民主主义革命转变为新民主主义革命。（）','错误',NULL,'C','1','第二章'),(550,NULL,'新民主主义革命理论在近代中国革命的实践中应运而生，它的形成包含了对旧民主主义革命失败教训的深刻总结。（）','正确',NULL,'C','1','第二章'),(551,NULL,'新民主主义革命时期，提出了反帝反封建这个任务就等于真正懂得了什么叫反帝反封建。（）','错误',NULL,'C','1','第二章'),(552,NULL,'在近代中国，消灭地主阶级，解放生产力，为中国的经济现代化和政治民主化创造了条件。（）','正确',NULL,'C','1','第二章'),(553,NULL,'在近代中国，如果不推翻地主阶级，就不能彻底铲除主封建制度的根基，组织起强大的革命队伍，就不能推翻帝国主义在中国的统治。（）','正确',NULL,'C','1','第二章'),(554,NULL,'近代中国革命中，官僚资本主义是可以争取的革命力量。（）','错误',NULL,'C','1','第二章'),(555,NULL,'在不同历史阶段，随着社会主要矛盾的变化，革命的主要对象有所不同。（）','正确',NULL,'C','1','第二章'),(556,NULL,'资产阶级是中国沦为半殖民地半封建社会过程中最早出现的一个新的社会阶级。（）','错误',NULL,'C','1','第二章'),(557,NULL,'农民是中国革命的主力军。（）','正确',NULL,'C','1','第二章'),(558,NULL,'中国革命战争实质上就是党领导下的农民战争。（）','正确',NULL,'C','1','第二章'),(559,NULL,'民族资产阶级是中国革命的基本动力。（）','错误',NULL,'C','1','第二章'),(560,NULL,'无产阶级及其政党——中国共产党的领导，是中国革命取得胜利的根本保证。（）','正确',NULL,'C','1','第二章'),(561,NULL,'新民主主义革命是世界无产阶级社会主义革命的一部分。（）','正确',NULL,'C','1','第二章'),(562,NULL,'毛泽东在《新民主主义论》中，把新民主主义的政治、经济和文化与党的基本纲领联系起来。（）','错误',NULL,'C','1','第二章'),(563,NULL,'民主革命时期反对官僚资本主义是因为它是资本主义。（）','错误',NULL,'C','1','第二章'),(564,NULL,'保护民族工商业，是新民主主义经济纲领中极具特色的一项内容。（）','正确',NULL,'C','1','第二章'),(565,NULL,'在一个以农民为主体的半殖民地半封建的国度里进行革命，应该选择什么样的道路，这是中国共产党在领导中国革命的过程中必须面时和回答的重大问题。（）','正确',NULL,'C','1','第二章'),(566,NULL,'党成立初期，首先把工作重心放在城市，领导工人阶级，开展工人运动，这样有利于扩大党的阶级基础。（）','正确',NULL,'C','1','第二章'),(567,NULL,'井冈山革命根据地是中国革命建立的第一块农村革命根据地。（）','正确',NULL,'C','1','第二章'),(568,NULL,'大革命失败后，有相当力量正式红军的存在，为农村革命根据地的创立、巩固和发展提供了主观条件。（）','错误',NULL,'C','1','第二章'),(569,NULL,'中国社会是一个两头小中间大的社会，无产阶级和地主大资产阶级都只占少数，最广大的人民是农民、城市小资产阶级以及其他的中间阶级。（）','正确',NULL,'C','1','第二章'),(570,NULL,'在半殖民地半封建的中国社会，诸多矛盾交织在一起，客观上为无产阶级及其政党利用这些矛盾建立和发展统一战线提供了可能性。（）','正确',NULL,'C','1','第二章'),(571,NULL,'中国共产党要坚持独立自主的原则，要保持党在政治上、组织上、思想上和行动上的独立性。（）','错误',NULL,'C','1','第二章'),(572,NULL,'在半殖民地半封建的旧中国，无产阶级和广大人民群众无议会民主可以利用，无组织工人举行罢工的合法权利（）','正确',NULL,'C','1','第二章'),(573,NULL,'没有一支人民的军队，便没有人民的一切。（）','正确',NULL,'C','1','第二章'),(574,NULL,'大革命失败后一段时期内，我党“左”倾教条主义者仍主张“城市中心论”。（）','正确',NULL,'C','1','第二章'),(575,NULL,'新民主主义社会不是一个独立的社会形态，而是由新民主主义向社会主义转变的过渡性社会形态。（）','正确',NULL,'C','1','第三章'),(576,NULL,'新民主主义社会中，国家资本主义经济是私人资本主义经济向社会主义国营经济过渡的形式。（）','正确',NULL,'C','1','第三章'),(577,NULL,'在新民主主义社会中，社会主义的因素不论在经济上还是在政治上都已经居于领导地位，所以非社会主义因素已无足轻重。（）','错误',NULL,'C','1','第三章'),(578,NULL,'新民主主义社会属于社会主义体系，是逐步过渡到社会主义社会的过渡性质的社会。（）','正确',NULL,'C','1','第三章'),(579,NULL,'从1949年至1952年，党领导人民集中力量恢复国民经济，继续完成民主革命遗留的任务。（）','正确',NULL,'C','1','第三章'),(580,NULL,'党在过渡时期的总路线，完全照搬了马克思列宁主义关于过渡时期的理论。（）','错误',NULL,'C','1','第三章'),(581,NULL,'在农业的社会主义改造中，对农民不能采取剥夺的办法，只能引导、说服和教育，使其自愿地走合作化的道路。（）','正确',NULL,'C','1','第三章'),(582,NULL,'到1956年初，农业社会主义改造基本完成。（）','错误',NULL,'C','1','第三章'),(583,NULL,'所谓国家资本主义，就是在国家直接控制和支配下的资本主义经济。（）','正确',NULL,'C','1','第三章'),(584,NULL,'我们的社会主义改造是搞得成功的，很了不起。这是毛泽东同志对马克思列宁主义的一个重大贡献。（）','正确',NULL,'C','1','第三章'),(585,NULL,'1956年底，我国对农业、手工业和资本主义工商业的社会主义改造基本完成。（）','正确',NULL,'C','1','第三章'),(586,NULL,'我国社会主义改造的完成标志着中国历史上长达数千年的阶级剥削制度的结束和社会主义基本制度的确立。（）','正确',NULL,'C','1','第三章'),(587,NULL,'《中华人民共和国宪法》是中国人民100多年来为实现中华民族伟大复兴而英勇奋斗的历史经验总结，也是中华人民共和国成立以来新的经验总结。（）','正确',NULL,'C','1','第三章'),(588,NULL,'中国第一部宪法对我国人民民主专政的国体和人民代表大会的政体并没有做出明确规定。（）','错误',NULL,'C','1','第三章'),(589,NULL,'伴随着社会经济制度和社会经济结构的根本变化，我国社会的阶级关系也发生了根本的变化。（）','正确',NULL,'C','1','第三章'),(590,NULL,'社会主义基本制度的确立正是为了推进中国的工业化、现代化建设。（）','正确',NULL,'C','1','第三章'),(591,NULL,'社会主义基本制度的确立是中国历史上最深刻最伟大的社会变革。（）','正确',NULL,'C','1','第三章'),(592,NULL,'社会主义基本制度的确立，极大地挫伤了工人阶级和广大劳动人民的积极性、创造性。（）','错误',NULL,'C','1','第三章'),(593,NULL,'我国工业化、现代化建设取得的辉煌成就，离不开选择了社会主义道路这个根本的前提条件。（）','正确',NULL,'C','1','第三章'),(594,NULL,'中国社会主义基本制度的确立，使占世界人口1/4的东方大国进入了社会主义社会，这是社会主义发展史上又一个历史性的伟大胜利。（）','正确',NULL,'C','1','第三章'),(595,NULL,'如何在中国这样一个经济文化比较落后的东方大国建设和巩固社会主义，是党面临的一个崭新课题。（）','正确',NULL,'C','1','第四章'),(596,NULL,'新中国成立初期，我国主要是学习美国经验，这在当时是必要的，也取得了一定的成效。（）','错误',NULL,'C','1','第四章'),(597,NULL,'《论十大关系》标志着党探索中国社会主义建设道路的良好开端。（）','正确',NULL,'C','1','第四章'),(598,NULL,'毛泽东认为，社会主义建设中的积极因素与消极因素是一对矛盾，这一矛盾呈现出既统一又斗争的关系。（）','正确',NULL,'C','1','第四章'),(599,NULL,'调动一切积极因素为社会主义事业服务，必须坚持中国共产党的领导。（）','正确',NULL,'C','1','第四章'),(600,NULL,'调动一切积极因素为社会主义事业服务，必须发展社会主义民主政治。（）','正确',NULL,'C','1','第四章'),(601,NULL,'在探索中国社会主义建设道路过程中，毛泽东提出，社会主义又可分为两个阶段，第一个阶段是不发达的社会主义，第二阶段是比较发达的社会主义。（）','正确',NULL,'C','1','第四章'),(602,NULL,'我国社会主义改造的任务完成以后，国内的社会矛盾和阶级关系发生重大变化，无产阶级同资产阶级之间的矛盾没有得到解决。（）','错误',NULL,'C','1','第四章'),(603,NULL,'毛泽东在1957年2月所作的《关于正确处理人民内部矛盾的问题》的报告，系统论述了社会主义社会矛盾的理论。（）','正确',NULL,'C','1','第四章'),(604,NULL,'社会主义制度建立以后，如何巩固和发展这一制度是我们党必须认真研究和解决的一个重大课题。（）','正确',NULL,'C','1','第四章'),(605,NULL,'作为一种崭新的更高形态的社会制度，社会主义制度的建立极大地激发了广大人民群众的建设热情和积极性。（）','正确',NULL,'C','1','第四章'),(606,NULL,'在全面建设社会主义时期，党对社会主义建设道路的探索是完全成功的。（）','错误',NULL,'C','1','第四章'),(607,NULL,'在中国这样一个有着几亿人口、经济文化比较落后的东方大国建设社会主义，其艰巨性、复杂性在世界社会主义发展史上都是没有先例的。（）','正确',NULL,'C','1','第四章'),(608,NULL,'中国的社会主义，是和马克思、恩格斯设想的在生产力高度发达基础上建立的社会主义完全一样的。（）','错误',NULL,'C','1','第四章'),(609,NULL,'党领导人民探索社会主义建设道路汲取了苏联模式的经验教训，根据自己的实践形成了许多独创性成果，深化了对社会主义的认识。（）','正确',NULL,'C','1','第四章'),(610,NULL,'在党对社会主义建设道路的初步探索中，由于我们对马克思主义关于社会主义的一些基本原理的理解不够深入，对中国的基本国情缺乏深刻认识，没有能够完全搞清楚什么是社会主义、怎样建设社会主义的问题。（）','正确',NULL,'C','1','第四章'),(611,NULL,'由于中国经济落后，物质基础薄弱，社会主义建设开始后，全党全国人民都有大力发展生产、迅速改变落后面貌的强烈愿望。（）','正确',NULL,'C','1','第四章'),(612,NULL,'党必须在宪法和法律范围内活动，任何一级党组织和领导人都不能有超出法律之上的权力，各种制度和法律不能因领导人的改变而改变，不能因领导人看法和注意力的改变而改变。（）','正确',NULL,'C','1','第四章'),(613,NULL,'和平与发展成为时代主题是邓小平理论形成的时代背景。（）','正确',NULL,'C','1','第五章'),(614,NULL,'邓小平明确地指出：“现在世界上真正大的问题，带全球性的战略问题，一个是和平问题，一个是经济问题或者说是发展问题。和平问题是东西问题，发展问题是南北问题。概括起来，就是东西南北四个字。南北问题是核心问题。”（）','正确',NULL,'C','1','第五章'),(615,NULL,'新中国成立后，我们顺利地恢复了国民经济，走出了一条具有鲜明中国特色的社会主义改造道路。（）','正确',NULL,'C','1','第五章'),(616,NULL,'我国改革开放和社会主义现代化建设的崭新实践，是人民群众生机勃勃的伟大创造，是理论发展的源泉。（）','正确',NULL,'C','1','第五章'),(617,NULL,'邓小平是全党全军全国各族人民公认的享有崇高威望的卓越领导人，是中国社会主义改革开放和现代化建设的总设计师。（）','正确',NULL,'C','1','第五章'),(618,NULL,'1987年召开的党的十三大，第一次比较系统地论述了我国社会主义初级阶段理论。（）','正确',NULL,'C','1','第五章'),(619,NULL,'南方谈话是邓小平理论的集大成之作，从理论上深刻地回答了当时困扰和束缚人们思想的一系列重大问题。（）','正确',NULL,'C','1','第五章'),(620,NULL,'搞清楚什么是社会主义、怎样建设社会主义，关键是要在坚持社会主义基本制度的基础上进一步认清社会主义的本质。（）','正确',NULL,'C','1','第五章'),(621,NULL,'改革开放以来，邓小平反复强调坚持四项基本原则，其实质就是要求我们坚持社会主义基本制度。（）','正确',NULL,'C','1','第五章'),(622,NULL,'邓小平关于社会主义本质的科学概括，既包括了社会主义社会的生产力问题，又包括了以社会主义生产关系为基础的社会关系问题，是一个有机的整体。（）','正确',NULL,'C','1','第五章'),(623,NULL,'毫不动摇地坚持公有制和按劳分配，维护公有制和按劳分配的主体地位，是体现社会主义本质的前提。（）','正确',NULL,'C','1','第五章'),(624,NULL,'解放思想，实事求是，是我们党的思想路线。（）','正确',NULL,'C','1','第五章'),(625,NULL,'1978年党的十一届三中全会召开前夕，在中央工作会议上，邓小平发表《实践是检验真理的唯一标准》的讲话。（）','错误',NULL,'C','1','第五章'),(626,NULL,'党的十一届六中全会果断作出了把党和国家的工作重点转移到社会主义现代化建设上来的战略决策。（）','错误',NULL,'C','1','第五章'),(627,NULL,'我国处在社会主义初级阶段，是邓小平和我们党对当代中国基本国情的科学判断。（）','正确',NULL,'C','1','第五章'),(628,NULL,'我们讲解放思想，实事求是，从实际出发建设社会主义，最大的“实际”就是中国的基本国情。（）','正确',NULL,'C','1','第五章'),(629,NULL,'社会主义初级阶段，就是指我国在生产力落后、商品经济不发达的条件下建设社会主义必然要经历的特定阶段。（）','正确',NULL,'C','1','第五章'),(630,NULL,'“坚持四项基本原则”回答了解放和发展生产力的政治保证问题，体现了社会主义基本制度的要求。（）','正确',NULL,'C','1','第五章'),(631,NULL,'“领导和团结全国各族人民”，这是实现社会主义现代化奋斗目标的领导力量和依靠力量。（）','正确',NULL,'C','1','第五章'),(632,NULL,'党的十七大把“美丽”与“富强、民主、文明”一起写入了基本路线。（）','错误',NULL,'C','1','第五章'),(633,NULL,'党的十九大不仅将“美丽”纳入了基本路线，而且将“现代化国家”提升为“现代化大国”。（）','错误',NULL,'C','1','第五章'),(634,NULL,'生产力是社会发展的最根本的决定性因素，社会主义的根本任务是发展生产力。（）','正确',NULL,'C','1','第五章'),(635,NULL,'邓小平强调，发展是硬道理，中国解决所有问题的关键是依赖外部壯界的发展。（）','错误',NULL,'C','1','第五章'),(636,NULL,'邓小平深刻地概括出“科学技术是第一生产力”。（）','正确',NULL,'C','1','第五章'),(637,NULL,'新时期最鲜明的特点是改革开放。（）','正确',NULL,'C','1','第五章'),(638,NULL,'对外开放，包括对发达国家的开放，也包括对发展中国家的开放，是对世界所有国家的开放。（）','正确',NULL,'C','1','第五章'),(639,NULL,'市场经济作为资源配置的一种方式本身是具有制度属性的。（）','错误',NULL,'C','1','第五章'),(640,NULL,'邓小平强调，物质文明和政治文明都搞好，才是中国特色的社会主义。（）','错误',NULL,'C','1','第五章'),(641,NULL,'“一国两制”这一伟大构想的提出是从香港问题开始的。（）','错误',NULL,'C','1','第五章'),(642,NULL,'建设中国特色社会主义，关键在于坚持、加强和改善党的领导。（）','正确',NULL,'C','1','第五章'),(643,NULL,'邓小平理论是邓小平留给我们的最重要的思想遗产。（）','正确',NULL,'C','1','第五章'),(644,NULL,'党的十四大提出了大力加强党的建设，坚决惩治腐败的要求。（）','错误',NULL,'C','1','第六章'),(645,NULL,'党的十四大系统论述了加强党的建设和改善党的领导问题。（）','错误',NULL,'C','1','第六章'),(646,NULL,'中国共产党始终是推动我国先进生产力发展和社会全面进步的根本力量。（）','错误',NULL,'C','1','第六章'),(647,NULL,'新的社会阶层是先进生产力的开拓者，在改革开放和现代化建设中有着特殊重要的作用。（）','错误',NULL,'C','1','第六章'),(648,NULL,'科学的本质是创新。只有大力推进知识创新、科技创新，才能实现技术的跨越式发展。（）','正确',NULL,'C','1','第六章'),(649,NULL,'发展社会主义先进文化，就是建设社会主义精神文明。（）','正确',NULL,'C','1','第六章'),(650,NULL,'人民是我们国家的主人，是决定我国前途和命运的根本力量，是历史的真正创造者。（）','正确',NULL,'C','1','第六章'),(651,NULL,'党的十五大正式把建立社会主义市场经济体制确立为我国经济体制改革的目标。（）','错误',NULL,'C','1','第六章'),(652,NULL,'坚持党的领导，核心是坚持党的纯洁性。（）','错误',NULL,'C','1','第六章'),(653,NULL,'“三个代表”重要思想的提出，形成了崭新的马克思主义国家学说。（）','错误',NULL,'C','1','第六章'),(654,NULL,'在“三个代表”重要思想的指导下，以胡锦涛为主要代表的中国共产党人推进了中国特色社会主义事业。（）','错误',NULL,'C','1','第六章'),(655,NULL,'“三个代表”重要思想深化了对中国特色社会主义的认识。（）','正确',NULL,'C','1','第六章'),(656,NULL,'目前，社会主义市场经济体制初步建立，同时影响发展的体制机制障碍依然存在，改革攻坚面临深层次矛盾和问题。（）','正确',NULL,'C','1','第七章'),(657,NULL,'2007年，党的十八大对科学发展观的理论定位、理论依据、理论内涵作了全面阐述。（）','错误',NULL,'C','1','第七章'),(658,NULL,'党的十六大报告提出了“中国特色社会主义理论体系”的科学概念。（）','错误',NULL,'C','1','第七章'),(659,NULL,'党的十八大报告提出必须把科学发展观贯彻到我国现代化建设全过程、体现到党的建设各方面。（）','正确',NULL,'C','1','第七章'),(660,NULL,'党的十六大以来，我们党领导人民成功应对国际金融危机的严重冲击，在全球率先实现经济企稳回升。（）','正确',NULL,'C','1','第七章'),(661,NULL,'党的十七大后，来自国际国内经济政治以及自然界的严重困难和挑战接连不断，这些困难和挑战既考验着我们党领导科学发展的能力，也推动着科学发展观理论不断发展完善。（）','正确',NULL,'C','1','第七章'),(662,NULL,'胡锦涛指出，提出以人为本的根本含义，就是坚持全心全意为人民服务，立党为公、执政为民。（）','正确',NULL,'C','1','第七章'),(663,NULL,'胡锦涛强调，要把促进经济社会发展作为促进人的全面发展的最终目的。（）','错误',NULL,'C','1','第七章'),(664,NULL,'在我国改革发展的关键阶段，经济体制深刻变革，社会结构深刻变动，利益格局深刻调整，思想观念深刻变化。（）','正确',NULL,'C','1','第七章'),(665,NULL,'没有社会主义文化繁荣发展，就没有社会主义现代化。（）','正确',NULL,'C','1','第七章'),(666,NULL,'马克思主义指导思想，中国特色社会主义共同理想，以爱国主义为核心的民族精神和以改革创新为核心的时代精神，社会主义荣辱观，构成社会主义核心价值体系的基本内容。（）','正确',NULL,'C','1','第七章'),(667,NULL,'科学发展观既贯穿了马克思主义立场观点方法，又把马克思主义中国化推进到新境界。（）','正确',NULL,'C','1','第七章'),(668,NULL,'科学发展观是中国特色社会主义理论的重要组成部分。（）','正确',NULL,'C','1','第七章'),(669,NULL,'科学发展观是在新中国成立以来特别是党的十八大以来不懈探索的基础上，继续拓展中国特色社会主义实践、探索中国特色社会主义规律的必然结论。（）','错误',NULL,'C','1','第七章'),(670,NULL,'科学发展观体现了唯物辩证法关于事物之间普遍联系、辩证统一的基本原理。（）','正确',NULL,'C','1','第七章'),(671,NULL,'科学发展观是对邓小平理论、“三个代表”重要思想的创造性发展。（）','正确',NULL,'C','1','第七章'),(672,NULL,'对中国社会主要矛盾的科学判断，是制定党的路线方针政策的基本依据。（）','正确',NULL,'C','1','第八章'),(673,NULL,'1956年社会主义改造基本完成后，党的十九大指出：我们国内的主要矛盾，已经是人民对于建立先进的工业国的要求同落后的农业国的现实之间的矛盾，已经是人民对于经济文化迅速发展的需要同当前经济文化不能满足人民需要的状况之间的矛盾。（）','错误',NULL,'C','1','第八章'),(674,NULL,'1978年党的十一届三中全会决定把党和国家的工作重点转移到社会主义现代化建设上来。（）','正确',NULL,'C','1','第八章'),(675,NULL,'1981年党的十一届六中全会通过的《关于建国以来党的若干历史问题的决议》对我国社会主要矛盾作了科学表述：“在社会主义改造基本完成以后，我国所要解决的主要矛盾，是人民日益增长的物质文化需要同落后的社会生产之间的矛盾。”（）','正确',NULL,'C','1','第八章'),(676,NULL,'党的十九大明确指出，我国社会主要矛盾已经转化为人民日益增长的美好生活需要和不平衡不充分的发展之间的矛盾。（）','正确',NULL,'C','1','第八章'),(677,NULL,'我国社会主要矛盾的变化，没有改变我们对我国社会主义所处历史阶段的判断，我国仍处于并将长期处于社会主义初级阶段的基本国情没有变，我国是世界上最大发展中国家的国际地位没有变。（）','正确',NULL,'C','1','第八章'),(678,NULL,'我们要牢牢把握社会主义初级阶段这个基本国情，牢牢立足社会主义初级阶段这个最大实际，牢牢坚持党在社会主义初级阶段的基本路线。（）','正确',NULL,'C','1','第八章'),(679,NULL,'新时代是承前启后、继往开来，在新的历史条件下继续夺取中国特色社会主义伟大胜利的时代。（）','正确',NULL,'C','1','第八章'),(680,NULL,'以人民为中心的发展思想，是党的全心全意为人民服务的根本宗旨在新时代的具体体现。（）','正确',NULL,'C','1','第八章'),(681,NULL,'坚持和发展社会主义，是改革开放以来我们党全部理论和实践的鲜明主题，也是习近平新时代中国特色社会主义思想的核心要义。（）','错误',NULL,'C','1','第八章'),(682,NULL,'中国特色社会主义事业总体布局是“五位一体”，战略布局是“四个全面”。（）','正确',NULL,'C','1','第八章'),(683,NULL,'对于新时代怎样坚持和发展中国特色社会主义，党的十九大概括为“十四个坚持”，即新时代中国特色社会主义基本方略。（）','正确',NULL,'C','1','第八章'),(684,NULL,'坚持党的领导、人民当家作主、依法治国有机统一是社会主义政治发展的必然要求。（）','正确',NULL,'C','1','第八章'),(685,NULL,'文化自信是一个国家、一个民族发展中更基本、更深沉、更持久的力量。（）','正确',NULL,'C','1','第八章'),(686,NULL,'建设一支听党指挥、能打胜仗、作风优良的人民军队，是实现“两个一百年”奋斗目标、实现中华民族伟大复兴的战略支撑。（）','正确',NULL,'C','1','第八章'),(687,NULL,'邓小平理论是马克思主义中国化的新飞跃，是当代中国马克思主义、21世纪马克思主义。（）','错误',NULL,'C','1','第八章'),(688,NULL,'习近平新时代中国特色社会主义思想对人类文明进步具有重要意义。（）','正确',NULL,'C','1','第八章'),(689,NULL,'习近平新时代中国特色社会主义思想为全面从严治党、把党建设成为中国特色社会主义事业的坚强领导核心提供了强大思想武器。（）','正确',NULL,'C','1','第八章'),(690,NULL,'实现国家统一，就是中华民族近代以来最伟大的梦想。（）','错误',NULL,'C','1','第九章'),(691,NULL,'改革开放以来，我们总结历史经验，不断艰辛探索，终于找到了实现中华民族伟大复兴的正确道路，取得了举世瞩目的伟大成就。（）','正确',NULL,'C','1','第九章'),(692,NULL,'现在，我们比历史上任何时期都更接近中华民族伟大复兴的目标，比历史上任何时期都更有信心、有能力实现实现中华民族伟大复兴这个目标。（）','正确',NULL,'C','1','第九章'),(693,NULL,'中国梦把国家的追求、民族的向往、人民的期盼融为一体，体现了中华民族和中国人民的整体利益，表达了每一个中华儿女的共同愿景。（）','正确',NULL,'C','1','第九章'),(694,NULL,'以爱国主义为核心的民族精神和以改革创新为核心的时代精神，是凝心聚力的兴国之魂、强国之魂。（）','正确',NULL,'C','1','第九章'),(695,NULL,'实现中华民族伟大复兴只是大陆人民的共同梦想。（）','错误',NULL,'C','1','第九章'),(696,NULL,'实现中国梦需要和平，只有和平才能实现梦想。（）','正确',NULL,'C','1','第九章'),(697,NULL,'党的十九大报告中提出，全面建设社会主义现代化国家的进程分两个阶段来安排，第一阶段是2020年到2035年，第二阶段是2035年到本世纪中叶。（）','正确',NULL,'C','1','第九章'),(698,NULL,'党的十八大从战略上对新时代中国特色社会主义发展做出了安排，是从全面建成小康社会到基本实现现代化，再到全面建成社会主义现代化强国。（）','错误',NULL,'C','1','第九章'),(699,NULL,'我国目前已经全面建成小康社会了，到2020年我们就可以实现共同富裕目标了。（）','错误',NULL,'C','1','第九章'),(700,NULL,'从党的十九大到二十大，是“两个一百年”奋斗目标的历史交汇期。（）','正确',NULL,'C','1','第九章'),(701,NULL,'我国实现社会主义现代化强国“两步走”战略与中国共产党的初心和使命是相通的。（）','正确',NULL,'C','1','第九章'),(702,NULL,'我们党原来提出的“三步走”战略的第三步即基本实现现代化，将提前15年，即在2035年实现，是综合分析国际国内形势和我国发展条件得出的重要论断，这与改革开放40年来国家面貌发生的前所未有的巨大变化是分不开的。（）','正确',NULL,'C','1','第九章'),(703,NULL,'党的十九大报告指出，从2020年到2035年，我国在文化建设方面的目标要求包括中国梦和社会主义核心价值观深入人心，爱国主义、集体主义、社会主义思想广泛弘扬，全体人民的文化自信、文化自觉和文化凝聚力不断提高。（）','正确',NULL,'C','1','第九章'),(704,NULL,'我国实现社会主义现代化强国“两步走”战略提岀，到本世纪中叶，要拥有高度的政治文明，形成又有集中又有民主，又有纪律又有自由，又有统一意志、又有个人心情舒畅、生动活泼的政治局面。（）','正确',NULL,'C','1','第九章'),(705,NULL,'全面建设社会主义现代化国家，是我们党在全面建成小康社会奋斗目标之后新的奋斗目标。（）','正确',NULL,'C','1','第九章'),(706,NULL,'习近平新时代中国特色社会主义经济思想的主要内容包括创新、协调、绿色、开放、共享的新发展理念。（）','正确',NULL,'C','1','第十章'),(707,NULL,'中国特色社会主义是全面发展的社会主义。（）','正确',NULL,'C','1','第十章'),(708,NULL,'坚持创新发展，就是把创新摆在国家发展全局的核心位置，不断推进理论创新、制度创新、科技创新、文化创新等各方面创新。（）','正确',NULL,'C','1','第十章'),(709,NULL,'开放是中国特色社会主义的本质要求。（）','错误',NULL,'C','1','第十章'),(710,NULL,'进入新时代，我国经济正处在转变发展方式、优化经济结构、转换增长动力的攻关期。（）','正确',NULL,'C','1','第十章'),(711,NULL,'中国特色社会主义政治发展道路是近代以来中国人民长期奋斗历史逻辑、理论逻辑、实践逻辑的必然结果，是坚持党的本质属性、践行党的根本宗旨的必然要求。（）','正确',NULL,'C','1','第十章'),(712,NULL,'依法治国是党领导人民治理国家的基本方式。（）','正确',NULL,'C','1','第十章'),(713,NULL,'实现人民当家作主，就要扩大人民有序政治参与，保证人民依法实行民主选举、民主协商、民主决策、民主管理、民主监督。（）','正确',NULL,'C','1','第十章'),(714,NULL,'发展社会主义民主政治就是要体现人民意志、保障人民权益、激发人民创造活力，用制度体系保证人民当家作主。（）','正确',NULL,'C','1','第十章'),(715,NULL,'协商民主是中国社会主义民主政治的特有形式和独特优势，是实现党的领导的重要方式。（）','正确',NULL,'C','1','第十章'),(716,NULL,'新时代的爱国统一战线包括全体社会主义劳动者、社会主义事业的建设者、拥护社会主义的爱国者、拥护祖国统一和致力于中华民族伟大复兴的爱国者。（）','正确',NULL,'C','1','第十章'),(717,NULL,'马克思主义是我们立党立国的根本指导思想，是中国共产党人的“真经”。切不可马克思主义的“真经”没念好，总想着“西天取经”。（）','正确',NULL,'C','1','第十章'),(718,NULL,'社会主义核心价值观是社会主义核心价值体系的内核凝练和集中表达，体现着社会主义核心价值体系的根本性质和基本特征。（）','正确',NULL,'C','1','第十章'),(719,NULL,'培育和践行社会主义核心价值观要注意把我们所提倡的与人们日常生活联系起来，在落细、落小、落实上下功夫。（）','正确',NULL,'C','1','第十章'),(720,NULL,'当今时代，文化在综合国力竞争中的地位日益重要，谁占据了文化发展的制高点，谁就能够更好地在激烈的国际竞争中掌握主动权。（）','正确',NULL,'C','1','第十章'),(721,NULL,'人类经历了原始文明、农业文明、工业文明，生态文明是工业文明发展到一定阶段的产物。（）','正确',NULL,'C','1','第十章'),(722,NULL,'党的十九大提出了到2020年全面建成小康社会的奋斗目标。（）','错误',NULL,'C','1','第十一章'),(723,NULL,'全面小康，覆盖的领域要全面，是“五位一体”全面进步的小康。（）','正确',NULL,'C','1','第十一章'),(724,NULL,'决胜全面建成小康社会，坚持专项扶贫、行业扶贫、社会扶贫等“三位一体”大扶贫格局。（）','正确',NULL,'C','1','第十一章'),(725,NULL,'我们已经进入全面建成小康社会决胜阶段，到了一鼓作气向终点线冲刺的历史时刻。（）','正确',NULL,'C','1','第十一章'),(726,NULL,'我们要紧扣经济发展变化，统筹推进“五位一体”总体布局。（）','错误',NULL,'C','1','第十一章'),(727,NULL,'我们要坚持稳中求进工作总基调，深化供给侧结构性改革。（）','正确',NULL,'C','1','第十一章'),(728,NULL,'改革是社会主义制度的自我完善和发展，是对社会主义制度改弦易张。（）','错误',NULL,'C','1','第十一章'),(729,NULL,'不实行改革开放死路一条，搞否定社会主义方向的“改革开放”也是死路一条。（）','正确',NULL,'C','1','第十一章'),(730,NULL,'全面深化改革必须坚持改革往有利于维护社会公平正义、增进人民福祉方向前进（）','正确',NULL,'C','1','第十一章'),(731,NULL,'国家治理体系和治理能力是一个国家的制度和制度执行能力的集中体现。（）','正确',NULL,'C','1','第十一章'),(732,NULL,'在中国这样一个拥有十三亿多人口的国家深化改革，绝非易事。（）','正确',NULL,'C','1','第十一章'),(733,NULL,'改革、建设、稳定是我国社会主义现代化建设的三个重要支点。（）','错误',NULL,'C','1','第十一章'),(734,NULL,'习近平强调，我国既处于发展的重要战略机遇期，也处于社会矛盾凸显期，在社会稳定中推进改革发展尤为重要。（）','正确',NULL,'C','1','第十一章'),(735,NULL,'所谓顶层设计，就是要对经济体制、政治体制、文化体制、社会体制，生态体制作出统筹设计。（）','正确',NULL,'C','1','第十一章'),(736,NULL,'良法是治国之重器，法律是善治之前提。（）','错误',NULL,'C','1','第十一章'),(737,NULL,'党的十五大明确把依法治国确立为治理国家的基本方略。（）','正确',NULL,'C','1','第十一章'),(738,NULL,'2010年，中国已经形成了以宪法为核心的中国特色社会主义法律体系，为改革开放和社会主义现代化建设提供了有力的法治保障。（）','正确',NULL,'C','1','第十一章'),(739,NULL,'2013年12月4日，首都各界隆重纪念我国宪法公布施行30周年。（）','错误',NULL,'C','1','第十一章'),(740,NULL,'党的十九大明确提出，全面依法治国是中国特色社会主义的本质要求和重要保障（）','正确',NULL,'C','1','第十一章'),(741,NULL,'人民当家作主是社会主义法治最根本的保证。（）','错误',NULL,'C','1','第十一章'),(742,NULL,'全面依法治国，总目标是建设中国特色社会主义法治体系，建设社会主义法治国家。（）','正确',NULL,'C','1','第十一章'),(743,NULL,'坚持党要管党，全面从严治党，“严”是要害。（）','错误',NULL,'C','1','第十一章'),(744,NULL,'坚持党要管党，全面从严治党，“治”是要害。（）','正确',NULL,'C','1','第十一章'),(745,NULL,'坚持党要管党，全面从严治党，“全面”是基础。（）','正确',NULL,'C','1','第十一章'),(746,NULL,'党的十九大首次把党的思想建设纳入党的建设总体布局。（）','错误',NULL,'C','1','第十一章'),(747,NULL,'党的思想建设是党的根本性建设，决定党的建设方向和效果。（）','错误',NULL,'C','1','第十一章'),(748,NULL,'毛泽东把理想信念比喻为共产党人精神上的“钙”。（）','错误',NULL,'C','1','第十一章'),(749,NULL,'党的组织建设主要包括民主集中制建设、党的基层组织建设，干部队伍建设和党员队伍建设等内容。（）','正确',NULL,'C','1','第十一章'),(750,NULL,'新中国成立以来，坚持把马克思主义基本原理同中国革命战争和人民军队建设实践相结合，形成了毛泽东军事思想、邓小平新时期军队建设思想、江泽民国防和军队建设思想等具有中国特色的马克思主义军事理论成果。（）','错误',NULL,'C','1','第十二章'),(751,NULL,'我们国家力争到2020年基本实现国防现代化。（）','错误',NULL,'C','1','第十二章'),(752,NULL,'我们国家力争到2035年把人民军队全面建成世界一流军队。（）','错误',NULL,'C','1','第十二章'),(753,NULL,'作风优良是我军鲜明特色和政治优势。（）','正确',NULL,'C','1','第十二章'),(754,NULL,'党对军队的绝对领导的根本原则和制度，发端于三湾改编。（）','错误',NULL,'C','1','第十二章'),(755,NULL,'党对军队的绝对领导的根本原则和制度，奠基于秋收起义。（）','错误',NULL,'C','1','第十二章'),(756,NULL,'历史告诉我们，党指挥枪是保持人民军队本质和宗旨的根本保障。（）','正确',NULL,'C','1','第十二章'),(757,NULL,'推进强军事业，必须毫不动摇坚持党对军队的绝对领导，确保人陡军队永远听党话、跟党走。（）','正确',NULL,'C','1','第十二章'),(758,NULL,'严守政治纪律和政治规矩，应强化政治意识、大局意识、核心意识、看齐意识，防止和反对政治上的自由主义。（）','正确',NULL,'C','1','第十二章'),(759,NULL,'改革是我军发展壮大、制胜未来的关键一招。（）','正确',NULL,'C','1','第十二章'),(760,NULL,'军民融合，源于我们党的“三大法宝”的思想。（）','错误',NULL,'C','1','第十二章'),(761,NULL,'毛泽东提出坚持富国和强军相统一，要走军民结合、平战结合、军品优先、以民养军、韬光养晦的道路。（）','错误',NULL,'C','1','第十二章'),(762,NULL,'走军民融合式发展路子，是实现富国和强军统一的重要途径。（）','正确',NULL,'C','1','第十二章'),(763,NULL,'新中国成立以来，我国充分发挥社会主义制度集中力量办大事的政治优势，取得了以“两弹一星”、载人航天等为代表的一大批重大成果。（）','正确',NULL,'C','1','第十二章'),(764,NULL,'军民融合，既是兴国之举，又是强军之策。（）','正确',NULL,'C','1','第十二章'),(765,NULL,'发展高新技术武器装备要吸纳和利用发达国家先进技术，打破行业垄断，引导国家经济社会资源有序进入装备建设领域。（）','错误',NULL,'C','1','第十二章'),(766,NULL,'冷战结束后，国际形势发生了广泛而深刻的变化，时代主题也已不是和平与发展了。（）','错误',NULL,'C','1','第十三章'),(767,NULL,'随着世界格局的变化，超级大国推行霸权主义和强权政治的意愿和行动将会自动放弃。（）','错误',NULL,'C','1','第十三章'),(768,NULL,'世界面临的不稳定性、不确定性突出，人类依然面临许多共同挑战，推进人类和平与发展的崇高事业依然任重而道远。（）','正确',NULL,'C','1','第十三章'),(769,NULL,'每个国家、每个民族不分强弱，不分大小，其思想文化都应该得到承认和尊重。（）','正确',NULL,'C','1','第十三章'),(770,NULL,'在经济全球化和信息网络化的条件下，不同意识形态的斗争会逐渐淡化甚至消亡。（）','错误',NULL,'C','1','第十三章'),(771,NULL,'文化已成为国家核心竞争力的重要因素，越来越多的国家把提高国家文化软实力作为重要发展战略。（）','正确',NULL,'C','1','第十三章'),(772,NULL,'自新中国成立以来，中国形成了独立自主的和平外交政策，成功地走上了一条与本国国情和时代特征相适应的和平发展道路。（）','正确',NULL,'C','1','第十三章'),(773,NULL,'只有坚持走和平发展道路，同世界各国一道维护世界和平，中国才能实现自己的目标，才能为世界作出更大贡献。（）','正确',NULL,'C','1','第十三章'),(774,NULL,'和平发展是中国基于自身国情、社会制度、文化传统作出的战略抉择，仅是符合中国根本利益的选择。（）','错误',NULL,'C','1','第十三章'),(775,NULL,'和平而不是战争，合作而不是对抗，共赢而不是零和，才是人类社会和平、进步、发展的永恒主题。（）','正确',NULL,'C','1','第十三章'),(776,NULL,'合作共赢是要双方或多方在合作中互惠互利、相得益彰，从而实现各方的共同受益。（）','正确',NULL,'C','1','第十三章'),(777,NULL,'中国决不会以牺牲别国利益为代价来发展自己，也决不放弃自己的正当权益，任何人不要幻想让中国吞下损害自身利益的苦果。（）','正确',NULL,'C','1','第十三章'),(778,NULL,'面对全球性挑战，世界各国需要以负责任的精神同舟共济、协调行动，共同维护和促进世界和平与发展。（）','正确',NULL,'C','1','第十三章'),(779,NULL,'大国对小国关系处理中，唯我独尊、恃强凌弱的状况经常存在，根本不可能平等相待。（）','错误',NULL,'C','1','第十三章'),(780,NULL,'当前，国际安全形势动荡复杂，传统安全威胁和非传统安全威胁相互交织，同时，人类也越来越利益交融、安危与共。（）','正确',NULL,'C','1','第十三章'),(781,NULL,'推进“一带一路”建设是习近平深刻思考人类前途命运及中国和世界发展大势所提出的宏伟构想和中国方案。（）','正确',NULL,'C','1','第十三章'),(782,NULL,'推进“一带一路”建设是中围扩大和深化对外开放的需要，对于加强与亚欧非拉及世界各国互利合作几乎没有作用。（）','错误',NULL,'C','1','第十三章'),(783,NULL,'共建“一带一路”符合国际社会的根本利益，彰显人类社会共同理想和美好追求，是国际合作以及全球治理新模式的积极探索，将为进界和平发展增添新的正能（）','正确',NULL,'C','1','第十三章'),(784,NULL,'面对充满希望与挑战的世界，我们要坚定不移推动建设相互尊重、公平正义、合作共赢的新型国际关系，为构建人类命运共同体打下坚实基础。（）','正确',NULL,'C','1','第十三章'),(785,NULL,'中国将继续发挥负责任大国作用，不断为完善全球治理贡献中国智慧和力景。（）','正确',NULL,'C','1','第十三章'),(786,NULL,'中国共产党是中国工人阶级的先锋队，是中国人民和中华民族的先锋队，同时还是中国特色社会主义事业的领导核心。（）','正确',NULL,'C','1','第十四章'),(787,NULL,'中国共产党领导中国人民开辟的中国特色社会主义道路是正确的，必须长期坚持、永不动摇。（）','正确',NULL,'C','1','第十四章'),(788,NULL,'历史和人民选择中国共产党领导中华民族伟大复兴的事业是正确的，必须长期坚持、永不动摇。（）','正确',NULL,'C','1','第十四章'),(789,NULL,'社会主义代替资本主义，可以通过无产阶级的革命或者改良运动来实现。（）','错误',NULL,'C','1','第十四章'),(790,NULL,'坚持和发展中国特色社会主义，必须坚持中国共产党的领导。（）','正确',NULL,'C','1','第十四章'),(791,NULL,'没有中国共产党的领导，就没有中国特色社会主义的产生与发展。（）','正确',NULL,'C','1','第十四章'),(792,NULL,'现在我们踏上了建成小康社会、分三步走到本世纪中叶建成社会主义现代化国家的新征程。（）','错误',NULL,'C','1','第十四章'),(793,NULL,'人民民主专政是中国特色社会主义制度优势发挥的根本保障，党的优势是中国特色社会主义制度优势之源。（）','错误',NULL,'C','1','第十四章'),(794,NULL,'没有中国共产党，也就没有中国特色社会主义制度，制度优势就无从谈起。（）','正确',NULL,'C','1','第十四章'),(795,NULL,'中国共产党作为具有领导地位的长期执政的党，以自身优势引领和锻造了中国特色社会主义的制度优势，保证了中国特色社会主义制度优势的有效发挥。（）','正确',NULL,'C','1','第十四章'),(796,NULL,'实现伟大梦想，必须进行具有许多新的历史特点的伟大斗争。（）','正确',NULL,'C','1','第十四章'),(797,NULL,'办好中国的事情关键在党，实现中华民族伟大复兴关键在人民群众。（）','错误',NULL,'C','1','第十四章'),(798,NULL,'中国共产党要始终成为时代先锋、民族脊梁，始终成为马克思主义执政党，自身必须始终过硬。（）','正确',NULL,'C','1','第十四章'),(799,NULL,'中国特色社会主义是改革开放以来党的全部理论和实践的主题，是党和人民历尽千辛万苦、付出巨大代价取得的根本成就。（）','正确',NULL,'C','1','第十四章'),(800,NULL,'我们要自觉地增强道路自信、理论自信、制度自信，文化自信，既不走封闭僵化的老路，也不走改旗易帜的邪路，保持政治定力，坚持实干兴邦，始终坚持和发展中国特色社会主义。（）','正确',NULL,'C','1','第十四章'),(801,NULL,'伟大斗争、伟大工程、伟大事业、伟大梦想是一个紧密联系，相互贯通、相互作用、有机统一的整体，统一于新时代坚持和发展中国特色社会主义伟大实践。（）','正确',NULL,'C','1','第十四章'),(802,NULL,'党的建设和党领导的事业是统一的。（）','正确',NULL,'C','1','第十四章'),(803,NULL,'每一个党的组织、每一名党员干部，无论处在哪个领域、哪个层级、哪个部门和单位，都要服从党中央集中统一领导，确保党中央令行禁止。（）','正确',NULL,'C','1','第十四章'),(804,NULL,'党的领导地位和执政地位是与生俱来的，也是一劳永逸的，过去拥有等于现在拥有，现在拥有等于永远拥有。（）','错误',NULL,'C','1','第十四章'),(805,NULL,'坚持党的领导，是党和国家的根本所在、命脉所在，是全国各族人民的利益所系，幸福所系。（）','正确',NULL,'C','1','第十四章');

/*Table structure for table `items_cos` */

DROP TABLE IF EXISTS `items_cos`;

CREATE TABLE `items_cos` (
  `id` varchar(30) NOT NULL,
  `url` varchar(255) NOT NULL,
  `course` varchar(15) NOT NULL,
  PRIMARY KEY (`id`)
) ENGINE=InnoDB DEFAULT CHARSET=utf8;

/*Data for the table `items_cos` */

insert  into `items_cos`(`id`,`url`,`course`) values ('201904130431421','https://paperless-1258540066.cos.ap-beijing.myqcloud.com/1/item_1_5.txt','1'),('201904130431451','https://paperless-1258540066.cos.ap-beijing.myqcloud.com/1/item_1_6.txt','1');

/*Table structure for table `office` */

DROP TABLE IF EXISTS `office`;

CREATE TABLE `office` (
  `office_id` varchar(30) NOT NULL COMMENT '教研室号',
  `office_name` varchar(30) NOT NULL COMMENT '教研室名称',
  `dept` varchar(30) NOT NULL COMMENT '所属系别',
  `tip` varchar(255) DEFAULT NULL COMMENT '备注',
  PRIMARY KEY (`office_id`),
  KEY `dept` (`dept`)
) ENGINE=InnoDB DEFAULT CHARSET=utf8;

/*Data for the table `office` */

insert  into `office`(`office_id`,`office_name`,`dept`,`tip`) values ('1001','软件调研室','10001',NULL);

/*Table structure for table `paper_chapter` */

DROP TABLE IF EXISTS `paper_chapter`;

CREATE TABLE `paper_chapter` (
  `course` varchar(15) NOT NULL,
  `numbers` varchar(128) NOT NULL COMMENT '各章节题目数',
  `tip` varchar(255) DEFAULT NULL COMMENT '备注',
  PRIMARY KEY (`course`),
  CONSTRAINT `paper_chapter_ibfk_1` FOREIGN KEY (`course`) REFERENCES `course` (`c_id`)
) ENGINE=InnoDB DEFAULT CHARSET=utf8;

/*Data for the table `paper_chapter` */

insert  into `paper_chapter`(`course`,`numbers`,`tip`) values ('1','1,1,1|2,2,2|1,1,1|1,1,1|1,1,1|1,1,1|1,1,1|1,1,1|1,1,1|2,2,2|2,2,2|2,2,2|2,2,2|2,2,2',NULL);

/*Table structure for table `paper_edit` */

DROP TABLE IF EXISTS `paper_edit`;

CREATE TABLE `paper_edit` (
  `id` varchar(15) NOT NULL,
  `course` varchar(15) NOT NULL COMMENT '课程',
  `single_count` int(10) NOT NULL COMMENT '单选个数',
  `single_score` int(10) DEFAULT NULL,
  `multiple_count` int(10) NOT NULL COMMENT '多选个数',
  `multiple_score` int(10) DEFAULT NULL,
  `checking_count` int(10) NOT NULL COMMENT '判断题个数',
  `checking_score` int(10) DEFAULT NULL,
  `duration` int(15) NOT NULL,
  `tip` varchar(255) DEFAULT NULL COMMENT '备注',
  PRIMARY KEY (`id`),
  KEY `course` (`course`),
  CONSTRAINT `paper_edit_ibfk_1` FOREIGN KEY (`course`) REFERENCES `course` (`c_id`)
) ENGINE=InnoDB DEFAULT CHARSET=utf8;

/*Data for the table `paper_edit` */

insert  into `paper_edit`(`id`,`course`,`single_count`,`single_score`,`multiple_count`,`multiple_score`,`checking_count`,`checking_score`,`duration`,`tip`) values ('1','1',20,1,20,3,20,1,120,NULL);

/*Table structure for table `score` */

DROP TABLE IF EXISTS `score`;

CREATE TABLE `score` (
  `student` varchar(10) NOT NULL COMMENT '学号',
  `exam` varchar(50) NOT NULL COMMENT '考试号',
  `s_score` decimal(10,2) NOT NULL COMMENT '成绩',
  `tip` varchar(255) DEFAULT NULL COMMENT '备注',
  PRIMARY KEY (`student`,`exam`),
  KEY `exam` (`exam`),
  CONSTRAINT `score_ibfk_2` FOREIGN KEY (`student`) REFERENCES `students` (`stu_num`),
  CONSTRAINT `score_ibfk_3` FOREIGN KEY (`exam`) REFERENCES `exam` (`exam_id`)
) ENGINE=InnoDB DEFAULT CHARSET=utf8;

/*Data for the table `score` */

/*Table structure for table `students` */

DROP TABLE IF EXISTS `students`;

CREATE TABLE `students` (
  `stu_num` varchar(10) NOT NULL,
  `stu_ID` varchar(18) NOT NULL COMMENT '身份证号',
  `stu_name` varchar(15) NOT NULL COMMENT '学生姓名',
  `stu_faculty` varchar(30) NOT NULL COMMENT '学院',
  `dept` varchar(30) NOT NULL COMMENT '专业',
  `grade` varchar(15) NOT NULL COMMENT '班级',
  `stu_pwd` varchar(18) NOT NULL DEFAULT '1' COMMENT '登陆密码',
  `tip` varchar(255) DEFAULT NULL COMMENT '备注',
  PRIMARY KEY (`stu_num`),
  KEY `stu_faculty` (`stu_faculty`),
  KEY `dept` (`dept`),
  KEY `grade` (`grade`),
  CONSTRAINT `students_ibfk_1` FOREIGN KEY (`stu_faculty`) REFERENCES `faculty` (`fac_num`),
  CONSTRAINT `students_ibfk_2` FOREIGN KEY (`dept`) REFERENCES `department` (`dept_num`),
  CONSTRAINT `students_ibfk_3` FOREIGN KEY (`grade`) REFERENCES `grade` (`g_id`)
) ENGINE=InnoDB DEFAULT CHARSET=utf8;

/*Data for the table `students` */

insert  into `students`(`stu_num`,`stu_ID`,`stu_name`,`stu_faculty`,`dept`,`grade`,`stu_pwd`,`tip`) values ('1','1','1','11','020101','1','1',NULL),('2','2','2','11','020101','2','1',NULL),('3','3','3','11','020301K','3','1',NULL),('4','4','4','11','020301K','4','1',NULL);

/*Table structure for table `teach` */

DROP TABLE IF EXISTS `teach`;

CREATE TABLE `teach` (
  `teach_id` varchar(50) NOT NULL,
  `teacher` varchar(15) NOT NULL COMMENT '教师工号',
  `course` varchar(15) NOT NULL COMMENT '课程',
  `dept` varchar(30) DEFAULT NULL COMMENT '专业',
  `grade` varchar(255) NOT NULL COMMENT '班级',
  `tip` varchar(255) DEFAULT NULL COMMENT '备注',
  PRIMARY KEY (`teach_id`),
  KEY `teacher` (`teacher`),
  KEY `course` (`course`),
  KEY `dept` (`dept`),
  KEY `grade` (`grade`),
  CONSTRAINT `teach_ibfk_1` FOREIGN KEY (`teacher`) REFERENCES `teachers` (`t_num`),
  CONSTRAINT `teach_ibfk_2` FOREIGN KEY (`course`) REFERENCES `course` (`c_id`)
) ENGINE=InnoDB DEFAULT CHARSET=utf8;

/*Data for the table `teach` */

insert  into `teach`(`teach_id`,`teacher`,`course`,`dept`,`grade`,`tip`) values ('1','1','1','020101','1,2',NULL);

/*Table structure for table `teachers` */

DROP TABLE IF EXISTS `teachers`;

CREATE TABLE `teachers` (
  `t_num` varchar(15) NOT NULL COMMENT '教师工号',
  `t_name` varchar(15) NOT NULL COMMENT '老师姓名',
  `t_faculty` varchar(30) NOT NULL COMMENT '学院',
  `t_dept` varchar(30) DEFAULT NULL COMMENT '专业',
  `t_office` varchar(30) DEFAULT NULL COMMENT '教研室',
  `t_pwd` varchar(15) NOT NULL DEFAULT '1' COMMENT '密码',
  `group_id` tinyint(2) NOT NULL COMMENT '权限',
  `tip` varchar(255) DEFAULT NULL COMMENT '备注',
  PRIMARY KEY (`t_num`),
  KEY `t_office` (`t_office`),
  KEY `t_dept` (`t_dept`),
  KEY `group_id` (`group_id`),
  KEY `t_faculty` (`t_faculty`),
  CONSTRAINT `teachers_ibfk_5` FOREIGN KEY (`group_id`) REFERENCES `groups` (`group_id`),
  CONSTRAINT `teachers_ibfk_6` FOREIGN KEY (`t_faculty`) REFERENCES `faculty` (`fac_num`)
) ENGINE=InnoDB DEFAULT CHARSET=utf8;

/*Data for the table `teachers` */

insert  into `teachers`(`t_num`,`t_name`,`t_faculty`,`t_dept`,`t_office`,`t_pwd`,`group_id`,`tip`) values ('1','1','13',NULL,NULL,'1',1,NULL),('2','2','13',NULL,NULL,'1',2,NULL);

/*!40101 SET SQL_MODE=@OLD_SQL_MODE */;
/*!40014 SET FOREIGN_KEY_CHECKS=@OLD_FOREIGN_KEY_CHECKS */;
/*!40014 SET UNIQUE_CHECKS=@OLD_UNIQUE_CHECKS */;
/*!40111 SET SQL_NOTES=@OLD_SQL_NOTES */;
